
     Program BANDS v.7.5 starts on 19Mar2026 at 10:57:37 
        Git branch: HEAD
        Last git commit: 770a0b2d12928a67048e2f3da8d10d057e52179e
        Last git commit date: Tue Aug 19 09:57:12 2025 +0000
        Last git commit subject: Merge branch 'QE-7.5-RC' into 'master'

     This program is part of the open-source Quantum ESPRESSO suite
     for quantum simulation of materials; please cite
         "P. Giannozzi et al., J. Phys.:Condens. Matter 21 395502 (2009);
         "P. Giannozzi et al., J. Phys.:Condens. Matter 29 465901 (2017);
         "P. Giannozzi et al., J. Chem. Phys. 152 154105 (2020);
          URL http://www.quantum-espresso.org", 
     in publications or presentations arising from this work. More details at
     http://www.quantum-espresso.org/quote

     Parallel version (MPI), running on    64 processors

     MPI processes distributed on     4 nodes
     K-points division:     npool     =       8
     R & G space division:  proc/nbgrp/npool/nimage =       8
     242353 MiB available memory on the printing compute node when the environment starts


     Reading xml data from directory:

     ./tmp/MoS2.save/

     IMPORTANT: XC functional enforced from input :
     Exchange-correlation= PBESOL
                           (   1   4  10   8   0   0   0)
     Any further DFT definition will be discarded
     Please, verify this is what you really want


     Parallelization info
     --------------------
     sticks:   dense  smooth     PW     G-vecs:    dense   smooth      PW
     Min          96      96     27                14754    14754    2303
     Max          97      97     28                14781    14781    2322
     Sum         769     769    223               118115   118115   18489

     Using Slab Decomposition

 ----2D----2D----2D----2D----2D----2D----2D----2D----2D----2D----2D----2D
  The code is running with the 2D cutoff
  Please refer to:
  Sohier, T., Calandra, M., & Mauri, F. (2017), 
  Density functional perturbation theory for gated two-dimensional heterostructures:
  Theoretical developments and application to flexural phonons in graphene.
  Physical Review B, 96(7), 75448. https://doi.org/10.1103/PhysRevB.96.075448
 ----2D----2D----2D----2D----2D----2D----2D----2D----2D----2D----2D----2D
     Reading collected, re-writing distributed wavefunctions
     high-symmetry point:  0.0000 0.0000 0.0743   x coordinate   0.0000
     high-symmetry point: -0.0000 0.0000-0.0743   x coordinate   0.1485
     high-symmetry point:  0.0000 0.0000 0.0000   x coordinate   0.2228
     high-symmetry point:  0.3333 0.5774 0.0743   x coordinate   0.2228
     high-symmetry point: -0.3333-0.5774-0.0743   x coordinate   0.2228
     high-symmetry point:  0.3333 0.5774-0.0743   x coordinate   0.2228
     high-symmetry point: -0.3333-0.5774 0.0743   x coordinate   0.2228
     high-symmetry point:  0.3333 0.5774 0.0000   x coordinate   0.2228
     high-symmetry point: -0.3333-0.5774 0.0000   x coordinate   0.2228
     high-symmetry point:  0.5000 0.2887 0.0743   x coordinate   0.2228
     high-symmetry point: -0.5000-0.2887-0.0743   x coordinate   0.2228
     high-symmetry point:  0.5000 0.2887 0.0000   x coordinate   0.2228
     high-symmetry point: -0.5000-0.2887 0.0000   x coordinate   0.2228

     Plottable bands (eV) written to file MoS2.bands.dat.gnu
     Bands written to file MoS2.bands.dat

 **************************************************************************

                    xk=(   0.00000,   0.00000,   0.07427  )

     point group D_3h (-62m)
     there are  6 classes
     the character table:

       E     2C3   3C2   s_h   2S3   3s_v 
A'_1   1.00  1.00  1.00  1.00  1.00  1.00
A'_2   1.00  1.00 -1.00  1.00  1.00 -1.00
E'     2.00 -1.00  0.00  2.00 -1.00  0.00
A''1   1.00  1.00  1.00 -1.00 -1.00 -1.00
A''2   1.00  1.00 -1.00 -1.00 -1.00  1.00
E''    2.00 -1.00  0.00 -2.00  1.00  0.00

     the symmetry operations in each class and the name of the first element:

     E        1
                                                                 
     2C3      3    4
                                                                 
     3C2      2    6    5
                                                                 
     s_h      7
                                                                 
     2S3      9   10
                                                                 
     3s_v     8   11   12
                                                                 

     Band symmetry, D_3h (-62m) point group:

     e(  1 -  1) =    -66.68682  eV     1   --> A''2           
     e(  2 -  2) =    -40.89196  eV     1   --> A'_1           
     e(  3 -  4) =    -40.62905  eV     2   --> E''            
     e(  5 -  5) =    -20.18382  eV     1   --> A''2           
     e(  6 -  6) =    -18.82004  eV     1   --> A'_1           
     e(  7 -  7) =    -11.73128  eV     1   --> A''2           
     e(  8 -  9) =     -8.59145  eV     2   --> E''            
     e( 10 - 10) =     -7.80126  eV     1   --> A'_1           
     e( 11 - 12) =     -7.43485  eV     2   --> E'             
     e( 13 - 13) =     -6.02694  eV     1   --> A''2           
     e( 14 - 15) =     -3.08000  eV     2   --> E'             
     e( 16 - 17) =     -2.80329  eV     2   --> E''            
     e( 18 - 18) =     -0.33794  eV     1   --> A''2           
     e( 19 - 19) =     -0.15803  eV     1   --> A'_1           
     e( 20 - 20) =      0.45507  eV     1   --> A''2           
     e( 21 - 21) =      2.18553  eV     1   --> A''2           
     e( 22 - 22) =      2.34135  eV     1   --> A'_1           
     e( 23 - 23) =      3.14031  eV     1   --> A'_1           
     e( 24 - 25) =      4.84682  eV     2   --> E''            
     e( 26 - 26) =      5.34802  eV     1   --> A''2           
     e( 27 - 27) =      5.99373  eV     1   --> A'_1           
     e( 28 - 29) =      6.87002  eV     2   --> E'             
     e( 30 - 30) =      7.16952  eV     1   --> A''2           
     e( 31 - 31) =      9.47668  eV     1   --> A''2           
     e( 32 - 32) =     10.09655  eV     1   --> A'_1           
     e( 33 - 34) =     10.18966  eV     2   --> E'             
     e( 35 - 36) =     10.51175  eV     2   --> E''            
     e( 37 - 37) =     10.59284  eV     1   --> A'_1           
     e( 38 - 38) =     12.40363  eV     1   --> A''2           
     e( 39 - 39) =     13.95117  eV     1   --> A'_1           
     e( 40 - 40) =     14.41654  eV     1   --> A''2           
     e( 41 - 41) =     14.68765  eV     1   --> A'_1           
     e( 42 - 43) =     17.24796  eV     2   --> E''            
     e( 44 - 44) =     17.28009  eV     1   --> A''2           
     e( 45 - 45) =     17.64181  eV     1   --> A'_1           
     e( 46 - 47) =     18.86914  eV     2   --> E'             
     e( 48 - 48) =     19.34462  eV     1   --> A'_1           
     e( 49 - 49) =     19.47947  eV     1   --> A''2           
     e( 50 - 51) =     19.57655  eV     2   --> E''            
     e( 52 - 53) =     19.73084  eV     2   --> E'             
     e( 54 - 54) =     19.94148  eV     1   --> A''2           
     e( 55 - 55) =     20.27653  eV     1   --> A'_1           
     e( 56 - 57) =     20.57708  eV     2   --> E''            
     e( 58 - 58) =     20.91276  eV     1   --> A''2           
     e( 59 - 60) =     21.50115  eV     2   --> E'             
     e( 61 - 61) =     21.69794  eV     1   --> A'_1           
     e( 62 - 63) =     21.92178  eV     2   --> E''            
     e( 64 - 64) =     22.11403  eV     1   --> A''2           
     e( 65 - 66) =     22.23675  eV     2   --> E'             
     e( 67 - 67) =     22.38108  eV     1   --> A'_1           
     e( 68 - 68) =     22.46527  eV     1   --> A''2           
     e( 69 - 70) =     22.68285  eV     2   --> E''            
     e( 71 - 71) =     22.93474  eV     1   --> A'_1           
     e( 72 - 72) =     24.35545  eV     1   --> A''2           
     e( 73 - 74) =     24.41621  eV     2   --> E'             
     e( 75 - 76) =     24.41795  eV     2   --> E''            
     e( 77 - 77) =     24.72067  eV     1   --> A'_1           
     e( 78 - 78) =     25.27186  eV     1   --> A''2           
     e( 79 - 80) =     25.52481  eV     2   --> E''            
     e( 81 - 82) =     25.65123  eV     2   --> E'             
     e( 83 - 83) =     26.36216  eV     1   --> A''2           
     e( 84 - 84) =     26.69468  eV     1   --> A'_1           
     e( 85 - 86) =     27.31176  eV     2   --> E''            
     e( 87 - 88) =     27.81564  eV     2   --> E'             
     e( 89 - 89) =     28.01340  eV     1   --> A'_1           
     e( 90 - 90) =     28.13810  eV     1   --> A''2           
     e( 91 - 91) =     28.75149  eV     1   --> A'_1           
     e( 92 - 93) =     28.99478  eV     2   --> E''            
     e( 94 - 94) =     29.28094  eV     1   --> A''2           
     e( 95 - 96) =     29.60728  eV     2   --> E'             
     e( 97 - 98) =     30.89240  eV     2   --> E''            
     e( 99 - 99) =     30.92105  eV     1   --> A'_1           
     e(100 -100) =     30.95235  eV     1   --> A''2           
     e(101 -102) =     31.38741  eV     2   --> E'             
     e(103 -104) =     31.64409  eV     2   --> E''            
     e(105 -105) =     31.72745  eV     1   --> A''1           
     e(106 -106) =     32.56483  eV     1   --> A''2           
     e(107 -107) =     32.95676  eV     1   --> A'_1           
     e(108 -109) =     33.63151  eV     2   --> E'             
     e(110 -110) =     34.02092  eV     1   --> A'_1           
     e(111 -111) =     34.10037  eV     1   --> A''2           
     e(112 -113) =     34.12513  eV     2   --> E''            
     e(114 -114) =     34.79074  eV     1   --> A'_1           
     e(115 -116) =     35.04454  eV     2   --> E'             
     e(117 -117) =     36.16431  eV     1   --> A''2           
     e(118 -119) =     36.43285  eV     2   --> E'             
     e(120 -120) =     36.44276  eV     1   --> A'_1           
     e(121 -122) =     36.46131  eV     2   --> E''            
     e(123 -123) =     36.88039  eV     1   --> A'_1           
     e(124 -125) =     37.33927  eV     2   --> E'             
     e(126 -126) =     37.71349  eV     1   --> A''2           
     e(127 -128) =     37.95827  eV     2   --> E''            
     e(129 -129) =     38.80651  eV     1   --> A''2           
     e(130 -131) =     39.33665  eV     2   --> E'             
     e(132 -132) =     40.03902  eV     1   --> A'_1           
     e(133 -134) =     40.20464  eV     2   --> E''            
     e(135 -136) =     40.64445  eV     2   --> E'             
     e(137 -137) =     40.67678  eV     1   --> A'_1           
     e(138 -138) =     41.25043  eV     1   --> A''2           
     e(139 -139) =     41.31333  eV     1   --> A'_1           
     e(140 -141) =     41.39281  eV     2   --> E''            
     e(142 -143) =     41.65355  eV     2   --> E'             
     e(144 -144) =     42.20782  eV     1   --> A'_2           
     e(145 -145) =     42.79386  eV     1   --> A''2           
     e(146 -147) =     43.05313  eV     2   --> E''            
     e(148 -148) =     43.98171  eV     1   --> A''2           
     e(149 -150) =     44.63618  eV     2   --> E'             
     e(151 -151) =     44.94314  eV     1   --> A'_1           
     e(152 -152) =     45.55353  eV     1   --> A''1           
     e(153 -154) =     45.84947  eV     2   --> E'             
     e(155 -155) =     46.65781  eV     1   --> A'_1           
     e(156 -157) =     46.73082  eV     2   --> E''            
     e(158 -159) =     46.87655  eV     2   --> E''            
     e(160 -160) =     47.11358  eV     1   --> A''2           
     e(161 -161) =     48.07209  eV     1   --> A''2           
     e(162 -162) =     48.69674  eV     1   --> A'_1           
     e(163 -163) =     49.08956  eV     1   --> A''2           
     e(164 -165) =     49.49856  eV     2   --> E'             
     e(166 -166) =     50.20633  eV     1   --> A'_1           
     e(167 -168) =     50.27192  eV     2   --> E''            
     e(169 -170) =     50.50468  eV     2   --> E'             
     e(171 -171) =     50.61789  eV     1   --> A''2           
     e(172 -173) =     51.76744  eV     2   --> E''            
     e(174 -175) =     51.96648  eV     2   --> E'             
     e(176 -176) =     52.07365  eV     1   --> A'_1           
     e(177 -177) =     53.09080  eV     1   --> A'_1           
     e(178 -179) =     53.46550  eV     2   --> E''            
     e(180 -180) =     53.92507  eV     1   --> A''2           
     e(181 -182) =     54.79157  eV     2   --> E''            
     e(183 -183) =     54.98838  eV     1   --> A'_2           
     e(184 -184) =     55.62969  eV     1   --> A'_1           
     e(185 -186) =     55.65253  eV     2   --> E'             
     e(187 -187) =     55.90724  eV     1   --> A''2           
     e(188 -188) =     56.45307  eV     1   --> A''2           
     e(189 -190) =     56.65395  eV     2   --> E'             
     e(191 -191) =     56.67891  eV     1   --> A'_1           
     e(192 -193) =     57.09235  eV     2   --> E''            
     e(194 -194) =     57.40682  eV     1   --> A''2           
     e(195 -196) =     57.50577  eV     2   --> E'             
     e(197 -197) =     58.63619  eV     1   --> A'_1           
     e(198 -198) =     58.78376  eV     1   --> A''1           
     e(199 -200) =     59.08985  eV     2   --> E''            

 **************************************************************************

 **************************************************************************

                    xk=(  -0.00000,   0.00000,  -0.07427  )

     Band symmetry, D_3h (-62m) point group:

     e(  1 -  1) =    -66.68682  eV     1   --> A''2           
     e(  2 -  2) =    -40.89196  eV     1   --> A'_1           
     e(  3 -  4) =    -40.62905  eV     2   --> E''            
     e(  5 -  5) =    -20.18382  eV     1   --> A''2           
     e(  6 -  6) =    -18.82004  eV     1   --> A'_1           
     e(  7 -  7) =    -11.73128  eV     1   --> A''2           
     e(  8 -  9) =     -8.59145  eV     2   --> E''            
     e( 10 - 10) =     -7.80126  eV     1   --> A'_1           
     e( 11 - 12) =     -7.43485  eV     2   --> E'             
     e( 13 - 13) =     -6.02694  eV     1   --> A''2           
     e( 14 - 15) =     -3.08000  eV     2   --> E'             
     e( 16 - 17) =     -2.80329  eV     2   --> E''            
     e( 18 - 18) =     -0.33794  eV     1   --> A''2           
     e( 19 - 19) =     -0.15803  eV     1   --> A'_1           
     e( 20 - 20) =      0.45507  eV     1   --> A''2           
     e( 21 - 21) =      2.18553  eV     1   --> A''2           
     e( 22 - 22) =      2.34135  eV     1   --> A'_1           
     e( 23 - 23) =      3.14031  eV     1   --> A'_1           
     e( 24 - 25) =      4.84682  eV     2   --> E''            
     e( 26 - 26) =      5.34802  eV     1   --> A''2           
     e( 27 - 27) =      5.99373  eV     1   --> A'_1           
     e( 28 - 29) =      6.87002  eV     2   --> E'             
     e( 30 - 30) =      7.16952  eV     1   --> A''2           
     e( 31 - 31) =      9.47668  eV     1   --> A''2           
     e( 32 - 32) =     10.09655  eV     1   --> A'_1           
     e( 33 - 34) =     10.18966  eV     2   --> E'             
     e( 35 - 36) =     10.51175  eV     2   --> E''            
     e( 37 - 37) =     10.59284  eV     1   --> A'_1           
     e( 38 - 38) =     12.40363  eV     1   --> A''2           
     e( 39 - 39) =     13.95117  eV     1   --> A'_1           
     e( 40 - 40) =     14.41654  eV     1   --> A''2           
     e( 41 - 41) =     14.68765  eV     1   --> A'_1           
     e( 42 - 43) =     17.24796  eV     2   --> E''            
     e( 44 - 44) =     17.28009  eV     1   --> A''2           
     e( 45 - 45) =     17.64181  eV     1   --> A'_1           
     e( 46 - 47) =     18.86914  eV     2   --> E'             
     e( 48 - 48) =     19.34462  eV     1   --> A'_1           
     e( 49 - 49) =     19.47947  eV     1   --> A''2           
     e( 50 - 51) =     19.57655  eV     2   --> E''            
     e( 52 - 53) =     19.73084  eV     2   --> E'             
     e( 54 - 54) =     19.94148  eV     1   --> A''2           
     e( 55 - 55) =     20.27653  eV     1   --> A'_1           
     e( 56 - 57) =     20.57708  eV     2   --> E''            
     e( 58 - 58) =     20.91276  eV     1   --> A''2           
     e( 59 - 60) =     21.50115  eV     2   --> E'             
     e( 61 - 61) =     21.69794  eV     1   --> A'_1           
     e( 62 - 63) =     21.92178  eV     2   --> E''            
     e( 64 - 64) =     22.11403  eV     1   --> A''2           
     e( 65 - 66) =     22.23675  eV     2   --> E'             
     e( 67 - 67) =     22.38108  eV     1   --> A'_1           
     e( 68 - 68) =     22.46527  eV     1   --> A''2           
     e( 69 - 70) =     22.68285  eV     2   --> E''            
     e( 71 - 71) =     22.93474  eV     1   --> A'_1           
     e( 72 - 72) =     24.35545  eV     1   --> A''2           
     e( 73 - 74) =     24.41621  eV     2   --> E'             
     e( 75 - 76) =     24.41795  eV     2   --> E''            
     e( 77 - 77) =     24.72067  eV     1   --> A'_1           
     e( 78 - 78) =     25.27186  eV     1   --> A''2           
     e( 79 - 80) =     25.52481  eV     2   --> E''            
     e( 81 - 82) =     25.65123  eV     2   --> E'             
     e( 83 - 83) =     26.36216  eV     1   --> A''2           
     e( 84 - 84) =     26.69468  eV     1   --> A'_1           
     e( 85 - 86) =     27.31176  eV     2   --> E''            
     e( 87 - 88) =     27.81564  eV     2   --> E'             
     e( 89 - 89) =     28.01340  eV     1   --> A'_1           
     e( 90 - 90) =     28.13810  eV     1   --> A''2           
     e( 91 - 91) =     28.75149  eV     1   --> A'_1           
     e( 92 - 93) =     28.99478  eV     2   --> E''            
     e( 94 - 94) =     29.28094  eV     1   --> A''2           
     e( 95 - 96) =     29.60728  eV     2   --> E'             
     e( 97 - 98) =     30.89240  eV     2   --> E''            
     e( 99 - 99) =     30.92105  eV     1   --> A'_1           
     e(100 -100) =     30.95235  eV     1   --> A''2           
     e(101 -102) =     31.38741  eV     2   --> E'             
     e(103 -104) =     31.64409  eV     2   --> E''            
     e(105 -105) =     31.72745  eV     1   --> A''1           
     e(106 -106) =     32.56483  eV     1   --> A''2           
     e(107 -107) =     32.95676  eV     1   --> A'_1           
     e(108 -109) =     33.63151  eV     2   --> E'             
     e(110 -110) =     34.02092  eV     1   --> A'_1           
     e(111 -111) =     34.10037  eV     1   --> A''2           
     e(112 -113) =     34.12513  eV     2   --> E''            
     e(114 -114) =     34.79074  eV     1   --> A'_1           
     e(115 -116) =     35.04454  eV     2   --> E'             
     e(117 -117) =     36.16431  eV     1   --> A''2           
     e(118 -119) =     36.43285  eV     2   --> E'             
     e(120 -120) =     36.44276  eV     1   --> A'_1           
     e(121 -122) =     36.46131  eV     2   --> E''            
     e(123 -123) =     36.88039  eV     1   --> A'_1           
     e(124 -125) =     37.33927  eV     2   --> E'             
     e(126 -126) =     37.71349  eV     1   --> A''2           
     e(127 -128) =     37.95827  eV     2   --> E''            
     e(129 -129) =     38.80651  eV     1   --> A''2           
     e(130 -131) =     39.33665  eV     2   --> E'             
     e(132 -132) =     40.03902  eV     1   --> A'_1           
     e(133 -134) =     40.20464  eV     2   --> E''            
     e(135 -136) =     40.64445  eV     2   --> E'             
     e(137 -137) =     40.67678  eV     1   --> A'_1           
     e(138 -138) =     41.25043  eV     1   --> A''2           
     e(139 -139) =     41.31333  eV     1   --> A'_1           
     e(140 -141) =     41.39281  eV     2   --> E''            
     e(142 -143) =     41.65355  eV     2   --> E'             
     e(144 -144) =     42.20782  eV     1   --> A'_2           
     e(145 -145) =     42.79386  eV     1   --> A''2           
     e(146 -147) =     43.05313  eV     2   --> E''            
     e(148 -148) =     43.98171  eV     1   --> A''2           
     e(149 -150) =     44.63618  eV     2   --> E'             
     e(151 -151) =     44.94314  eV     1   --> A'_1           
     e(152 -152) =     45.55353  eV     1   --> A''1           
     e(153 -154) =     45.84947  eV     2   --> E'             
     e(155 -155) =     46.65781  eV     1   --> A'_1           
     e(156 -157) =     46.73082  eV     2   --> E''            
     e(158 -159) =     46.87655  eV     2   --> E''            
     e(160 -160) =     47.11358  eV     1   --> A''2           
     e(161 -161) =     48.07209  eV     1   --> A''2           
     e(162 -162) =     48.69674  eV     1   --> A'_1           
     e(163 -163) =     49.08956  eV     1   --> A''2           
     e(164 -165) =     49.49856  eV     2   --> E'             
     e(166 -166) =     50.20633  eV     1   --> A'_1           
     e(167 -168) =     50.27192  eV     2   --> E''            
     e(169 -170) =     50.50468  eV     2   --> E'             
     e(171 -171) =     50.61789  eV     1   --> A''2           
     e(172 -173) =     51.76744  eV     2   --> E''            
     e(174 -175) =     51.96648  eV     2   --> E'             
     e(176 -176) =     52.07365  eV     1   --> A'_1           
     e(177 -177) =     53.09080  eV     1   --> A'_1           
     e(178 -179) =     53.46550  eV     2   --> E''            
     e(180 -180) =     53.92507  eV     1   --> A''2           
     e(181 -182) =     54.79157  eV     2   --> E''            
     e(183 -183) =     54.98838  eV     1   --> A'_2           
     e(184 -184) =     55.62969  eV     1   --> A'_1           
     e(185 -186) =     55.65253  eV     2   --> E'             
     e(187 -187) =     55.90724  eV     1   --> A''2           
     e(188 -188) =     56.45307  eV     1   --> A''2           
     e(189 -190) =     56.65395  eV     2   --> E'             
     e(191 -191) =     56.67891  eV     1   --> A'_1           
     e(192 -193) =     57.09235  eV     2   --> E''            
     e(194 -194) =     57.40682  eV     1   --> A''2           
     e(195 -196) =     57.50577  eV     2   --> E'             
     e(197 -197) =     58.63619  eV     1   --> A'_1           
     e(198 -198) =     58.78376  eV     1   --> A''1           
     e(199 -200) =     59.08985  eV     2   --> E''            

 **************************************************************************

 **************************************************************************

                    xk=(   0.00000,   0.00000,   0.00000  )

     Band symmetry, D_3h (-62m) point group:

     e(  1 -  1) =    -66.68682  eV     1   --> A'_1           
     e(  2 -  2) =    -40.89196  eV     1   --> A''2           
     e(  3 -  4) =    -40.62905  eV     2   --> E'             
     e(  5 -  5) =    -20.18382  eV     1   --> A'_1           
     e(  6 -  6) =    -18.82004  eV     1   --> A''2           
     e(  7 -  7) =    -11.73128  eV     1   --> A'_1           
     e(  8 -  9) =     -8.59145  eV     2   --> E'             
     e( 10 - 10) =     -7.80126  eV     1   --> A''2           
     e( 11 - 12) =     -7.43485  eV     2   --> E''            
     e( 13 - 13) =     -6.02694  eV     1   --> A'_1           
     e( 14 - 15) =     -3.08000  eV     2   --> E''            
     e( 16 - 17) =     -2.80329  eV     2   --> E'             
     e( 18 - 18) =     -0.33796  eV     1   --> A'_1           
     e( 19 - 19) =     -0.15800  eV     1   --> A''2           
     e( 20 - 20) =      0.45506  eV     1   --> A'_1           
     e( 21 - 21) =      2.18509  eV     1   --> A'_1           
     e( 22 - 22) =      2.34188  eV     1   --> A''2           
     e( 23 - 23) =      3.14033  eV     1   --> A''2           
     e( 24 - 25) =      4.84682  eV     2   --> E'             
     e( 26 - 26) =      5.34537  eV     1   --> A'_1           
     e( 27 - 27) =      5.99837  eV     1   --> A''2           
     e( 28 - 29) =      6.87002  eV     2   --> E''            
     e( 30 - 30) =      7.16768  eV     1   --> A'_1           
     e( 31 - 31) =      9.45684  eV     1   --> A'_1           
     e( 32 - 32) =     10.10804  eV     1   --> A''2           
     e( 33 - 34) =     10.18966  eV     2   --> E''            
     e( 35 - 36) =     10.51175  eV     2   --> E'             
     e( 37 - 37) =     10.62944  eV     1   --> A''2           
     e( 38 - 38) =     12.33526  eV     1   --> A'_1           
     e( 39 - 39) =     13.96448  eV     1   --> A''2           
     e( 40 - 40) =     14.21648  eV     1   --> A'_1           
     e( 41 - 41) =     15.24996  eV     1   --> A''2           
     e( 42 - 42) =     16.25901  eV     1   --> A'_1           
     e( 43 - 44) =     17.24796  eV     2   --> E'             
     e( 45 - 46) =     18.86914  eV     2   --> E''            
     e( 47 - 47) =     18.89390  eV     1   --> A'_1           
     e( 48 - 48) =     19.18208  eV     1   --> A''2           
     e( 49 - 50) =     19.57654  eV     2   --> E'             
     e( 51 - 51) =     19.60419  eV     1   --> A''2           
     e( 52 - 52) =     19.71654  eV     1   --> A'_1           
     e( 53 - 54) =     19.73085  eV     2   --> E''            
     e( 55 - 55) =     20.25883  eV     1   --> A'_1           
     e( 56 - 56) =     20.29599  eV     1   --> A''2           
     e( 57 - 58) =     20.57703  eV     2   --> E'             
     e( 59 - 60) =     21.50134  eV     2   --> E''            
     e( 61 - 61) =     21.71248  eV     1   --> A''2           
     e( 62 - 62) =     21.90454  eV     1   --> A'_1           
     e( 63 - 64) =     21.92151  eV     2   --> E'             
     e( 65 - 66) =     22.23715  eV     2   --> E''            
     e( 67 - 67) =     22.26177  eV     1   --> A'_1           
     e( 68 - 69) =     22.68241  eV     2   --> E'             
     e( 70 - 70) =     22.87455  eV     1   --> A''2           
     e( 71 - 71) =     23.71405  eV     1   --> A'_1           
     e( 72 - 72) =     24.17264  eV     1   --> A''2           
     e( 73 - 74) =     24.41682  eV     2   --> E'             
     e( 75 - 76) =     24.41775  eV     2   --> E''            
     e( 77 - 77) =     24.72321  eV     1   --> A''2           
     e( 78 - 78) =     25.14102  eV     1   --> A'_1           
     e( 79 - 80) =     25.52227  eV     2   --> E'             
     e( 81 - 82) =     25.65442  eV     2   --> E''            
     e( 83 - 83) =     25.74879  eV     1   --> A'_1           
     e( 84 - 84) =     26.70142  eV     1   --> A''2           
     e( 85 - 86) =     27.30519  eV     2   --> E'             
     e( 87 - 88) =     27.82341  eV     2   --> E''            
     e( 89 - 89) =     27.88447  eV     1   --> A'_1           
     e( 90 - 90) =     28.65688  eV     1   --> A''2           
     e( 91 - 91) =     28.74193  eV     1   --> A'_1           
     e( 92 - 93) =     28.98147  eV     2   --> E'             
     e( 94 - 95) =     29.63052  eV     2   --> E''            
     e( 96 - 96) =     30.06988  eV     1   --> A'_1           
     e( 97 - 97) =     30.09229  eV     1   --> A''2           
     e( 98 - 99) =     30.87247  eV     2   --> E'             
     e(100 -100) =     31.08537  eV     1   --> A''2           
     e(101 -102) =     31.44675  eV     2   --> E''            
     e(103 -104) =     31.57049  eV     2   --> E'             
     e(105 -105) =     31.72745  eV     1   --> A'_2           
     e(106 -106) =     32.28279  eV     1   --> A'_1           
     e(107 -107) =     33.22849  eV     1   --> A''2           
     e(108 -108) =     33.31685  eV     1   --> A'_1           
     e(109 -110) =     33.85206  eV     2   --> E''            
     e(111 -112) =     33.87500  eV     2   --> E'             
     e(113 -113) =     34.59530  eV     1   --> A''2           
     e(114 -114) =     34.66871  eV     1   --> A'_1           
     e(115 -116) =     35.52590  eV     2   --> E''            
     e(117 -118) =     35.57087  eV     2   --> E'             
     e(119 -119) =     36.16417  eV     1   --> A'_1           
     e(120 -121) =     36.71851  eV     2   --> E'             
     e(122 -122) =     37.01381  eV     1   --> A'_1           
     e(123 -123) =     37.36763  eV     1   --> A''2           
     e(124 -125) =     37.40741  eV     2   --> E''            
     e(126 -126) =     37.81044  eV     1   --> A''2           
     e(127 -127) =     38.24124  eV     1   --> A''2           
     e(128 -129) =     38.64139  eV     2   --> E''            
     e(130 -131) =     38.77640  eV     2   --> E'             
     e(132 -132) =     38.93229  eV     1   --> A'_1           
     e(133 -134) =     39.81741  eV     2   --> E'             
     e(135 -135) =     40.65947  eV     1   --> A'_1           
     e(136 -137) =     40.85583  eV     2   --> E''            
     e(138 -139) =     41.55259  eV     2   --> E''            
     e(140 -140) =     41.66367  eV     1   --> A'_1           
     e(141 -141) =     41.75263  eV     1   --> A''2           
     e(142 -143) =     41.87402  eV     2   --> E'             
     e(144 -144) =     42.20782  eV     1   --> A''1           
     e(145 -145) =     42.63202  eV     1   --> A''2           
     e(146 -147) =     42.75095  eV     2   --> E''            
     e(148 -148) =     44.75030  eV     1   --> A''2           
     e(149 -149) =     44.77446  eV     1   --> A'_1           
     e(150 -151) =     44.88735  eV     2   --> E'             
     e(152 -152) =     45.55353  eV     1   --> A'_2           
     e(153 -154) =     45.67367  eV     2   --> E'             
     e(155 -156) =     46.37845  eV     2   --> E''            
     e(157 -157) =     46.66108  eV     1   --> A'_1           
     e(158 -158) =     46.83375  eV     1   --> A''2           
     e(159 -159) =     47.35318  eV     1   --> A'_1           
     e(160 -161) =     47.36877  eV     2   --> E''            
     e(162 -162) =     48.50738  eV     1   --> A'_1           
     e(163 -163) =     48.72995  eV     1   --> A''2           
     e(164 -165) =     49.08918  eV     2   --> E'             
     e(166 -167) =     50.13938  eV     2   --> E''            
     e(168 -169) =     50.82140  eV     2   --> E'             
     e(170 -170) =     50.91715  eV     1   --> A''2           
     e(171 -171) =     51.59664  eV     1   --> A'_1           
     e(172 -173) =     52.14674  eV     2   --> E'             
     e(174 -174) =     52.18376  eV     1   --> A''2           
     e(175 -176) =     52.46525  eV     2   --> E''            
     e(177 -178) =     52.90240  eV     2   --> E'             
     e(179 -179) =     53.25272  eV     1   --> A'_1           
     e(180 -181) =     53.92175  eV     2   --> E''            
     e(182 -182) =     54.16772  eV     1   --> A''2           
     e(183 -183) =     54.17162  eV     1   --> A'_1           
     e(184 -184) =     54.98838  eV     1   --> A''1           
     e(185 -185) =     55.32475  eV     1   --> A'_1           
     e(186 -186) =     55.60066  eV     1   --> A''2           
     e(187 -188) =     55.77962  eV     2   --> E'             
     e(189 -190) =     56.89735  eV     2   --> E''            
     e(191 -191) =     57.59563  eV     1   --> A''2           
     e(192 -193) =     57.62307  eV     2   --> E''            
     e(194 -195) =     57.99137  eV     2   --> E'             
     e(196 -196) =     58.77626  eV     1   --> A'_1           
     e(197 -197) =     58.78376  eV     1   --> A'_2           
     e(198 -198) =     58.99104  eV     1   --> A''2           
     e(199 -199) =     59.01242  eV     1   --> A'_1           
     e(200 -200) =     59.02779  eV     1   -->   ?

 **************************************************************************

 **************************************************************************

                    xk=(   0.33333,   0.57735,   0.07427  )

     point group C_3h (-6)  
     there are  6 classes
     the character table:

       E     C3    C3^2  s_h   S3    S3^5 
A'     1.00  1.00  1.00  1.00  1.00  1.00
E'     1.00 -0.50 -0.50  1.00 -0.50 -0.50
E'*    1.00 -0.50 -0.50  1.00 -0.50 -0.50
A''    1.00  1.00  1.00 -1.00 -1.00 -1.00
E''    1.00 -0.50 -0.50 -1.00  0.50  0.50
E''*   1.00 -0.50 -0.50 -1.00  0.50  0.50
     imaginary part
A'     0.00  0.00  0.00  0.00  0.00  0.00
E'     0.00  0.87 -0.87  0.00  0.87 -0.87
E'*    0.00 -0.87  0.87  0.00 -0.87  0.87
A''    0.00  0.00  0.00  0.00  0.00  0.00
E''    0.00  0.87 -0.87  0.00 -0.87  0.87
E''*   0.00 -0.87  0.87  0.00  0.87 -0.87

     the symmetry operations in each class and the name of the first element:

     E        1
                                                                 
     C3       2
                                                                 
     C3^2     3
                                                                 
     s_h      4
                                                                 
     S3       6
                                                                 
     S3^5     5
                                                                 

     Band symmetry, C_3h (-6)   point group:

     e(  1 -  1) =    -66.63648  eV     1   --> E''*           
     e(  2 -  2) =    -40.95157  eV     1   --> E''            
     e(  3 -  3) =    -40.90193  eV     1   --> A''            
     e(  4 -  4) =    -40.79330  eV     1   --> E'*            
     e(  5 -  5) =    -17.87864  eV     1   --> E''            
     e(  6 -  6) =    -17.85107  eV     1   --> E'             
     e(  7 -  7) =    -11.55101  eV     1   --> A'             
     e(  8 -  8) =    -10.68483  eV     1   --> E''*           
     e(  9 -  9) =    -10.16103  eV     1   --> A''            
     e( 10 - 10) =     -9.53461  eV     1   --> E''            
     e( 11 - 11) =     -8.90839  eV     1   --> E'*            
     e( 12 - 12) =     -8.13969  eV     1   --> E'             
     e( 13 - 13) =     -5.96835  eV     1   --> A''            
     e( 14 - 14) =     -4.17365  eV     1   --> E''*           
     e( 15 - 15) =     -2.90715  eV     1   --> A'             
     e( 16 - 16) =     -2.25931  eV     1   --> E''            
     e( 17 - 17) =     -0.85129  eV     1   --> E'             
     e( 18 - 18) =      1.32831  eV     1   --> A''            
     e( 19 - 19) =      1.62246  eV     1   --> E''*           
     e( 20 - 20) =      3.64680  eV     1   --> E'*            
     e( 21 - 21) =      4.62295  eV     1   --> E''            
     e( 22 - 22) =      5.37609  eV     1   --> A'             
     e( 23 - 23) =      5.71402  eV     1   --> A'             
     e( 24 - 24) =      5.95490  eV     1   --> A''            
     e( 25 - 25) =      6.02980  eV     1   --> E'             
     e( 26 - 26) =      6.39409  eV     1   --> E''*           
     e( 27 - 27) =      6.96001  eV     1   --> E'*            
     e( 28 - 28) =      7.20296  eV     1   --> E''            
     e( 29 - 29) =      7.46654  eV     1   --> A''            
     e( 30 - 30) =      7.47396  eV     1   --> E'*            
     e( 31 - 31) =      7.49590  eV     1   --> E''*           
     e( 32 - 32) =      7.83248  eV     1   --> A'             
     e( 33 - 33) =      8.39842  eV     1   --> E'             
     e( 34 - 34) =      9.17447  eV     1   --> A''            
     e( 35 - 35) =      9.44416  eV     1   --> E''*           
     e( 36 - 36) =      9.66110  eV     1   --> E''            
     e( 37 - 37) =      9.86921  eV     1   --> E'*            
     e( 38 - 38) =     10.54087  eV     1   --> A'             
     e( 39 - 39) =     10.91454  eV     1   --> E'             
     e( 40 - 40) =     11.68556  eV     1   --> A''            
     e( 41 - 41) =     12.59397  eV     1   --> E''*           
     e( 42 - 42) =     12.84003  eV     1   --> E''            
     e( 43 - 43) =     13.45211  eV     1   --> E'*            
     e( 44 - 44) =     13.46424  eV     1   --> E''            
     e( 45 - 45) =     13.77255  eV     1   --> E'             
     e( 46 - 46) =     14.16678  eV     1   --> A'             
     e( 47 - 47) =     14.59793  eV     1   --> A''            
     e( 48 - 48) =     16.02046  eV     1   --> E''*           
     e( 49 - 49) =     17.41905  eV     1   --> E'             
     e( 50 - 50) =     17.62747  eV     1   --> E'*            
     e( 51 - 51) =     17.92829  eV     1   --> E''            
     e( 52 - 52) =     18.05222  eV     1   --> A''            
     e( 53 - 53) =     18.07773  eV     1   --> A'             
     e( 54 - 54) =     18.97667  eV     1   --> A'             
     e( 55 - 55) =     19.09125  eV     1   --> E''*           
     e( 56 - 56) =     19.58407  eV     1   --> A''            
     e( 57 - 57) =     19.73812  eV     1   --> E''*           
     e( 58 - 58) =     20.09072  eV     1   --> E'*            
     e( 59 - 59) =     20.69347  eV     1   --> E'             
     e( 60 - 60) =     21.07905  eV     1   --> A'             
     e( 61 - 61) =     21.56437  eV     1   --> E'*            
     e( 62 - 62) =     21.64617  eV     1   --> E''            
     e( 63 - 63) =     21.89851  eV     1   --> A''            
     e( 64 - 64) =     22.10321  eV     1   --> E''*           
     e( 65 - 65) =     22.54856  eV     1   --> E''            
     e( 66 - 66) =     22.66352  eV     1   --> A'             
     e( 67 - 67) =     23.11520  eV     1   --> E'             
     e( 68 - 68) =     23.43669  eV     1   --> E'*            
     e( 69 - 69) =     23.53140  eV     1   --> E''*           
     e( 70 - 70) =     24.44314  eV     1   --> E'             
     e( 71 - 71) =     24.83852  eV     1   --> E''            
     e( 72 - 72) =     24.93818  eV     1   --> E'*            
     e( 73 - 73) =     25.12219  eV     1   --> A''            
     e( 74 - 74) =     25.85674  eV     1   --> A'             
     e( 75 - 75) =     26.46620  eV     1   --> A''            
     e( 76 - 76) =     26.53878  eV     1   --> E''*           
     e( 77 - 77) =     26.70159  eV     1   --> A'             
     e( 78 - 78) =     26.78012  eV     1   --> E''*           
     e( 79 - 79) =     26.90545  eV     1   --> E'             
     e( 80 - 80) =     27.19437  eV     1   --> E''            
     e( 81 - 81) =     27.28919  eV     1   --> E'*            
     e( 82 - 82) =     28.07178  eV     1   --> E'             
     e( 83 - 83) =     28.29822  eV     1   --> A''            
     e( 84 - 84) =     28.56731  eV     1   --> E''            
     e( 85 - 85) =     28.67108  eV     1   --> E''*           
     e( 86 - 86) =     28.70446  eV     1   --> E'*            
     e( 87 - 87) =     29.09566  eV     1   --> A'             
     e( 88 - 88) =     29.27040  eV     1   --> E''*           
     e( 89 - 89) =     29.72176  eV     1   --> E''            
     e( 90 - 90) =     29.76727  eV     1   --> E'*            
     e( 91 - 91) =     29.77379  eV     1   --> E'             
     e( 92 - 92) =     29.85065  eV     1   --> A''            
     e( 93 - 93) =     30.54995  eV     1   --> A''            
     e( 94 - 94) =     30.86767  eV     1   --> E'             
     e( 95 - 95) =     30.90055  eV     1   --> A'             
     e( 96 - 96) =     31.31362  eV     1   --> E''            
     e( 97 - 97) =     32.25510  eV     1   --> A''            
     e( 98 - 98) =     32.37180  eV     1   --> E''*           
     e( 99 - 99) =     32.41112  eV     1   --> A'             
     e(100 -100) =     32.59623  eV     1   --> E'*            
     e(101 -101) =     32.82751  eV     1   --> A'             
     e(102 -102) =     33.12700  eV     1   --> E'             
     e(103 -103) =     33.34876  eV     1   --> E''            
     e(104 -104) =     33.44271  eV     1   --> E''*           
     e(105 -105) =     33.48375  eV     1   --> E'             
     e(106 -106) =     33.82137  eV     1   --> E'*            
     e(107 -107) =     34.35214  eV     1   --> E''            
     e(108 -108) =     34.37755  eV     1   --> A''            
     e(109 -109) =     35.41790  eV     1   --> E'             
     e(110 -110) =     35.65896  eV     1   --> A''            
     e(111 -111) =     35.72305  eV     1   --> E'*            
     e(112 -112) =     35.84802  eV     1   --> E''*           
     e(113 -113) =     36.69847  eV     1   --> A'             
     e(114 -114) =     36.94866  eV     1   --> E'*            
     e(115 -115) =     37.02814  eV     1   --> A''            
     e(116 -116) =     37.13816  eV     1   --> E''            
     e(117 -117) =     37.19425  eV     1   --> A'             
     e(118 -118) =     37.71583  eV     1   --> E'*            
     e(119 -119) =     37.76888  eV     1   --> E''*           
     e(120 -120) =     38.53801  eV     1   --> E'             
     e(121 -121) =     38.75684  eV     1   --> A'             
     e(122 -122) =     38.97961  eV     1   --> E''            
     e(123 -123) =     39.04278  eV     1   --> A''            
     e(124 -124) =     39.04661  eV     1   --> E'             
     e(125 -125) =     39.64506  eV     1   --> E''*           
     e(126 -126) =     39.91940  eV     1   --> E''            
     e(127 -127) =     40.89383  eV     1   --> E'*            
     e(128 -128) =     41.06701  eV     1   --> E'             
     e(129 -129) =     41.06869  eV     1   --> E''            
     e(130 -130) =     41.42527  eV     1   --> A'             
     e(131 -131) =     41.68539  eV     1   --> A''            
     e(132 -132) =     42.06433  eV     1   --> E'*            
     e(133 -133) =     42.09479  eV     1   --> E''*           
     e(134 -134) =     42.57020  eV     1   --> E'             
     e(135 -135) =     43.06747  eV     1   --> A''            
     e(136 -136) =     43.13416  eV     1   --> A'             
     e(137 -137) =     43.62566  eV     1   --> E''            
     e(138 -138) =     43.77666  eV     1   --> E''*           
     e(139 -139) =     44.05501  eV     1   --> A'             
     e(140 -140) =     44.58580  eV     1   --> E'*            
     e(141 -141) =     44.78655  eV     1   --> E'             
     e(142 -142) =     45.04247  eV     1   --> E''*           
     e(143 -143) =     45.05699  eV     1   --> A''            
     e(144 -144) =     45.23858  eV     1   --> E''            
     e(145 -145) =     45.49028  eV     1   --> E'*            
     e(146 -146) =     45.51702  eV     1   --> A'             
     e(147 -147) =     46.02498  eV     1   --> E''            
     e(148 -148) =     46.06509  eV     1   --> E''*           
     e(149 -149) =     46.07068  eV     1   --> A''            
     e(150 -150) =     46.39056  eV     1   --> A'             
     e(151 -151) =     46.61512  eV     1   --> E'*            
     e(152 -152) =     46.65310  eV     1   --> E'             
     e(153 -153) =     46.94673  eV     1   --> E'             
     e(154 -154) =     47.14220  eV     1   --> A''            
     e(155 -155) =     47.33322  eV     1   --> E''*           
     e(156 -156) =     47.41621  eV     1   --> E''            
     e(157 -157) =     47.53789  eV     1   --> E'             
     e(158 -158) =     47.57567  eV     1   --> E'*            
     e(159 -159) =     47.85181  eV     1   --> E''            
     e(160 -160) =     48.06622  eV     1   --> A''            
     e(161 -161) =     48.08722  eV     1   --> A'             
     e(162 -162) =     48.39375  eV     1   --> A'             
     e(163 -163) =     48.39626  eV     1   --> E''*           
     e(164 -164) =     48.44435  eV     1   --> E'             
     e(165 -165) =     48.56577  eV     1   --> A''            
     e(166 -166) =     48.56619  eV     1   --> E''*           
     e(167 -167) =     48.72224  eV     1   --> E'*            
     e(168 -168) =     48.84401  eV     1   --> E'*            
     e(169 -169) =     49.04726  eV     1   --> E''            
     e(170 -170) =     49.41921  eV     1   --> A''            
     e(171 -171) =     49.57228  eV     1   --> E'             
     e(172 -172) =     49.68671  eV     1   --> E''            
     e(173 -173) =     49.75132  eV     1   --> A'             
     e(174 -174) =     49.87448  eV     1   --> A'             
     e(175 -175) =     49.92734  eV     1   --> E'*            
     e(176 -176) =     50.21574  eV     1   --> E''*           
     e(177 -177) =     50.38673  eV     1   --> E''*           
     e(178 -178) =     50.44336  eV     1   --> E'             
     e(179 -179) =     50.65968  eV     1   --> A''            
     e(180 -180) =     50.92648  eV     1   --> A'             
     e(181 -181) =     50.93912  eV     1   --> E''            
     e(182 -182) =     51.50162  eV     1   --> A''            
     e(183 -183) =     51.54589  eV     1   --> E'*            
     e(184 -184) =     51.61051  eV     1   --> E''*           
     e(185 -185) =     51.71589  eV     1   --> E'             
     e(186 -186) =     52.17433  eV     1   --> A'             
     e(187 -187) =     52.31893  eV     1   --> E''            
     e(188 -188) =     52.38860  eV     1   --> E'             
     e(189 -189) =     52.75006  eV     1   --> E'*            
     e(190 -190) =     53.10383  eV     1   --> E''*           
     e(191 -191) =     53.15047  eV     1   --> A''            
     e(192 -192) =     53.22504  eV     1   --> E''            
     e(193 -193) =     53.36569  eV     1   --> A''            
     e(194 -194) =     53.75114  eV     1   --> E'             
     e(195 -195) =     53.76836  eV     1   --> E''            
     e(196 -196) =     54.11923  eV     1   --> A'             
     e(197 -197) =     54.14282  eV     1   --> E''*           
     e(198 -198) =     54.18938  eV     1   --> E'*            
     e(199 -199) =     54.50837  eV     1   --> E''            
     e(200 -200) =     54.58739  eV     1   --> A'             

 **************************************************************************

 **************************************************************************

                    xk=(  -0.33333,  -0.57735,  -0.07427  )

     Band symmetry, C_3h (-6)   point group:

     e(  1 -  1) =    -66.63648  eV     1   --> E''            
     e(  2 -  2) =    -40.95157  eV     1   --> E''*           
     e(  3 -  3) =    -40.90193  eV     1   --> A''            
     e(  4 -  4) =    -40.79330  eV     1   --> E'             
     e(  5 -  5) =    -17.87864  eV     1   --> E''*           
     e(  6 -  6) =    -17.85107  eV     1   --> E'*            
     e(  7 -  7) =    -11.55101  eV     1   --> A'             
     e(  8 -  8) =    -10.68483  eV     1   --> E''            
     e(  9 -  9) =    -10.16103  eV     1   --> A''            
     e( 10 - 10) =     -9.53461  eV     1   --> E''*           
     e( 11 - 11) =     -8.90839  eV     1   --> E'             
     e( 12 - 12) =     -8.13969  eV     1   --> E'*            
     e( 13 - 13) =     -5.96835  eV     1   --> A''            
     e( 14 - 14) =     -4.17365  eV     1   --> E''            
     e( 15 - 15) =     -2.90715  eV     1   --> A'             
     e( 16 - 16) =     -2.25931  eV     1   --> E''*           
     e( 17 - 17) =     -0.85129  eV     1   --> E'*            
     e( 18 - 18) =      1.32831  eV     1   --> A''            
     e( 19 - 19) =      1.62246  eV     1   --> E''            
     e( 20 - 20) =      3.64680  eV     1   --> E'             
     e( 21 - 21) =      4.62295  eV     1   --> E''*           
     e( 22 - 22) =      5.37609  eV     1   --> A'             
     e( 23 - 23) =      5.71402  eV     1   --> A'             
     e( 24 - 24) =      5.95490  eV     1   --> A''            
     e( 25 - 25) =      6.02980  eV     1   --> E'*            
     e( 26 - 26) =      6.39409  eV     1   --> E''            
     e( 27 - 27) =      6.96001  eV     1   --> E'             
     e( 28 - 28) =      7.20296  eV     1   --> E''*           
     e( 29 - 29) =      7.46654  eV     1   --> A''            
     e( 30 - 30) =      7.47396  eV     1   --> E'             
     e( 31 - 31) =      7.49590  eV     1   --> E''            
     e( 32 - 32) =      7.83248  eV     1   --> A'             
     e( 33 - 33) =      8.39842  eV     1   --> E'*            
     e( 34 - 34) =      9.17447  eV     1   --> A''            
     e( 35 - 35) =      9.44416  eV     1   --> E''            
     e( 36 - 36) =      9.66110  eV     1   --> E''*           
     e( 37 - 37) =      9.86921  eV     1   --> E'             
     e( 38 - 38) =     10.54087  eV     1   --> A'             
     e( 39 - 39) =     10.91454  eV     1   --> E'*            
     e( 40 - 40) =     11.68556  eV     1   --> A''            
     e( 41 - 41) =     12.59397  eV     1   --> E''            
     e( 42 - 42) =     12.84003  eV     1   --> E''*           
     e( 43 - 43) =     13.45211  eV     1   --> E'             
     e( 44 - 44) =     13.46424  eV     1   --> E''*           
     e( 45 - 45) =     13.77255  eV     1   --> E'*            
     e( 46 - 46) =     14.16678  eV     1   --> A'             
     e( 47 - 47) =     14.59793  eV     1   --> A''            
     e( 48 - 48) =     16.02046  eV     1   --> E''            
     e( 49 - 49) =     17.41905  eV     1   --> E'*            
     e( 50 - 50) =     17.62747  eV     1   --> E'             
     e( 51 - 51) =     17.92829  eV     1   --> E''*           
     e( 52 - 52) =     18.05222  eV     1   --> A''            
     e( 53 - 53) =     18.07773  eV     1   --> A'             
     e( 54 - 54) =     18.97667  eV     1   --> A'             
     e( 55 - 55) =     19.09125  eV     1   --> E''            
     e( 56 - 56) =     19.58407  eV     1   --> A''            
     e( 57 - 57) =     19.73812  eV     1   --> E''            
     e( 58 - 58) =     20.09072  eV     1   --> E'             
     e( 59 - 59) =     20.69347  eV     1   --> E'*            
     e( 60 - 60) =     21.07905  eV     1   --> A'             
     e( 61 - 61) =     21.56437  eV     1   --> E'             
     e( 62 - 62) =     21.64617  eV     1   --> E''*           
     e( 63 - 63) =     21.89851  eV     1   --> A''            
     e( 64 - 64) =     22.10321  eV     1   --> E''            
     e( 65 - 65) =     22.54856  eV     1   --> E''*           
     e( 66 - 66) =     22.66352  eV     1   --> A'             
     e( 67 - 67) =     23.11520  eV     1   --> E'*            
     e( 68 - 68) =     23.43669  eV     1   --> E'             
     e( 69 - 69) =     23.53140  eV     1   --> E''            
     e( 70 - 70) =     24.44314  eV     1   --> E'*            
     e( 71 - 71) =     24.83852  eV     1   --> E''*           
     e( 72 - 72) =     24.93818  eV     1   --> E'             
     e( 73 - 73) =     25.12219  eV     1   --> A''            
     e( 74 - 74) =     25.85674  eV     1   --> A'             
     e( 75 - 75) =     26.46620  eV     1   --> A''            
     e( 76 - 76) =     26.53878  eV     1   --> E''            
     e( 77 - 77) =     26.70159  eV     1   --> A'             
     e( 78 - 78) =     26.78012  eV     1   --> E''            
     e( 79 - 79) =     26.90545  eV     1   --> E'*            
     e( 80 - 80) =     27.19437  eV     1   --> E''*           
     e( 81 - 81) =     27.28919  eV     1   --> E'             
     e( 82 - 82) =     28.07178  eV     1   --> E'*            
     e( 83 - 83) =     28.29822  eV     1   --> A''            
     e( 84 - 84) =     28.56731  eV     1   --> E''*           
     e( 85 - 85) =     28.67108  eV     1   --> E''            
     e( 86 - 86) =     28.70446  eV     1   --> E'             
     e( 87 - 87) =     29.09566  eV     1   --> A'             
     e( 88 - 88) =     29.27040  eV     1   --> E''            
     e( 89 - 89) =     29.72176  eV     1   --> E''*           
     e( 90 - 90) =     29.76727  eV     1   --> E'             
     e( 91 - 91) =     29.77379  eV     1   --> E'*            
     e( 92 - 92) =     29.85065  eV     1   --> A''            
     e( 93 - 93) =     30.54995  eV     1   --> A''            
     e( 94 - 94) =     30.86767  eV     1   --> E'*            
     e( 95 - 95) =     30.90055  eV     1   --> A'             
     e( 96 - 96) =     31.31362  eV     1   --> E''*           
     e( 97 - 97) =     32.25510  eV     1   --> A''            
     e( 98 - 98) =     32.37180  eV     1   --> E''            
     e( 99 - 99) =     32.41112  eV     1   --> A'             
     e(100 -100) =     32.59623  eV     1   --> E'             
     e(101 -101) =     32.82751  eV     1   --> A'             
     e(102 -102) =     33.12700  eV     1   --> E'*            
     e(103 -103) =     33.34876  eV     1   --> E''*           
     e(104 -104) =     33.44271  eV     1   --> E''            
     e(105 -105) =     33.48375  eV     1   --> E'*            
     e(106 -106) =     33.82137  eV     1   --> E'             
     e(107 -107) =     34.35214  eV     1   --> E''*           
     e(108 -108) =     34.37755  eV     1   --> A''            
     e(109 -109) =     35.41790  eV     1   --> E'*            
     e(110 -110) =     35.65896  eV     1   --> A''            
     e(111 -111) =     35.72305  eV     1   --> E'             
     e(112 -112) =     35.84802  eV     1   --> E''            
     e(113 -113) =     36.69847  eV     1   --> A'             
     e(114 -114) =     36.94866  eV     1   --> E'             
     e(115 -115) =     37.02814  eV     1   --> A''            
     e(116 -116) =     37.13816  eV     1   --> E''*           
     e(117 -117) =     37.19425  eV     1   --> A'             
     e(118 -118) =     37.71583  eV     1   --> E'             
     e(119 -119) =     37.76888  eV     1   --> E''            
     e(120 -120) =     38.53801  eV     1   --> E'*            
     e(121 -121) =     38.75684  eV     1   --> A'             
     e(122 -122) =     38.97961  eV     1   --> E''*           
     e(123 -123) =     39.04278  eV     1   --> A''            
     e(124 -124) =     39.04661  eV     1   --> E'*            
     e(125 -125) =     39.64506  eV     1   --> E''            
     e(126 -126) =     39.91940  eV     1   --> E''*           
     e(127 -127) =     40.89383  eV     1   --> E'             
     e(128 -128) =     41.06701  eV     1   --> E'*            
     e(129 -129) =     41.06869  eV     1   --> E''*           
     e(130 -130) =     41.42527  eV     1   --> A'             
     e(131 -131) =     41.68539  eV     1   --> A''            
     e(132 -132) =     42.06433  eV     1   --> E'             
     e(133 -133) =     42.09479  eV     1   --> E''            
     e(134 -134) =     42.57020  eV     1   --> E'*            
     e(135 -135) =     43.06747  eV     1   --> A''            
     e(136 -136) =     43.13416  eV     1   --> A'             
     e(137 -137) =     43.62566  eV     1   --> E''*           
     e(138 -138) =     43.77666  eV     1   --> E''            
     e(139 -139) =     44.05501  eV     1   --> A'             
     e(140 -140) =     44.58580  eV     1   --> E'             
     e(141 -141) =     44.78655  eV     1   --> E'*            
     e(142 -142) =     45.04247  eV     1   --> E''            
     e(143 -143) =     45.05699  eV     1   --> A''            
     e(144 -144) =     45.23858  eV     1   --> E''*           
     e(145 -145) =     45.49028  eV     1   --> E'             
     e(146 -146) =     45.51702  eV     1   --> A'             
     e(147 -147) =     46.02498  eV     1   --> E''*           
     e(148 -148) =     46.06509  eV     1   --> E''            
     e(149 -149) =     46.07068  eV     1   --> A''            
     e(150 -150) =     46.39056  eV     1   --> A'             
     e(151 -151) =     46.61512  eV     1   --> E'             
     e(152 -152) =     46.65310  eV     1   --> E'*            
     e(153 -153) =     46.94673  eV     1   --> E'*            
     e(154 -154) =     47.14220  eV     1   --> A''            
     e(155 -155) =     47.33322  eV     1   --> E''            
     e(156 -156) =     47.41621  eV     1   --> E''*           
     e(157 -157) =     47.53789  eV     1   --> E'*            
     e(158 -158) =     47.57567  eV     1   --> E'             
     e(159 -159) =     47.85181  eV     1   --> E''*           
     e(160 -160) =     48.06622  eV     1   --> A''            
     e(161 -161) =     48.08722  eV     1   --> A'             
     e(162 -162) =     48.39375  eV     1   --> A'             
     e(163 -163) =     48.39626  eV     1   --> E''            
     e(164 -164) =     48.44435  eV     1   --> E'*            
     e(165 -165) =     48.56577  eV     1   --> A''            
     e(166 -166) =     48.56619  eV     1   --> E''            
     e(167 -167) =     48.72224  eV     1   --> E'             
     e(168 -168) =     48.84401  eV     1   --> E'             
     e(169 -169) =     49.04726  eV     1   --> E''*           
     e(170 -170) =     49.41921  eV     1   --> A''            
     e(171 -171) =     49.57228  eV     1   --> E'*            
     e(172 -172) =     49.68671  eV     1   --> E''*           
     e(173 -173) =     49.75132  eV     1   --> A'             
     e(174 -174) =     49.87448  eV     1   --> A'             
     e(175 -175) =     49.92734  eV     1   --> E'             
     e(176 -176) =     50.21574  eV     1   --> E''            
     e(177 -177) =     50.38673  eV     1   --> E''            
     e(178 -178) =     50.44336  eV     1   --> E'*            
     e(179 -179) =     50.65968  eV     1   --> A''            
     e(180 -180) =     50.92648  eV     1   --> A'             
     e(181 -181) =     50.93912  eV     1   --> E''*           
     e(182 -182) =     51.50162  eV     1   --> A''            
     e(183 -183) =     51.54589  eV     1   --> E'             
     e(184 -184) =     51.61051  eV     1   --> E''            
     e(185 -185) =     51.71589  eV     1   --> E'*            
     e(186 -186) =     52.17433  eV     1   --> A'             
     e(187 -187) =     52.31893  eV     1   --> E''*           
     e(188 -188) =     52.38860  eV     1   --> E'*            
     e(189 -189) =     52.75006  eV     1   --> E'             
     e(190 -190) =     53.10383  eV     1   --> E''            
     e(191 -191) =     53.15047  eV     1   --> A''            
     e(192 -192) =     53.22504  eV     1   --> E''*           
     e(193 -193) =     53.36569  eV     1   --> A''            
     e(194 -194) =     53.75114  eV     1   --> E'*            
     e(195 -195) =     53.76836  eV     1   --> E''*           
     e(196 -196) =     54.11923  eV     1   --> A'             
     e(197 -197) =     54.14282  eV     1   --> E''            
     e(198 -198) =     54.18938  eV     1   --> E'             
     e(199 -199) =     54.50837  eV     1   --> E''*           
     e(200 -200) =     54.58739  eV     1   --> A'             

 **************************************************************************

 **************************************************************************

                    xk=(   0.33333,   0.57735,  -0.07427  )

     Band symmetry, C_3h (-6)   point group:

     e(  1 -  1) =    -66.63648  eV     1   --> E''*           
     e(  2 -  2) =    -40.95157  eV     1   --> E''            
     e(  3 -  3) =    -40.90193  eV     1   --> A''            
     e(  4 -  4) =    -40.79330  eV     1   --> E'*            
     e(  5 -  5) =    -17.87864  eV     1   --> E''            
     e(  6 -  6) =    -17.85107  eV     1   --> E'             
     e(  7 -  7) =    -11.55101  eV     1   --> A'             
     e(  8 -  8) =    -10.68483  eV     1   --> E''*           
     e(  9 -  9) =    -10.16103  eV     1   --> A''            
     e( 10 - 10) =     -9.53461  eV     1   --> E''            
     e( 11 - 11) =     -8.90839  eV     1   --> E'*            
     e( 12 - 12) =     -8.13969  eV     1   --> E'             
     e( 13 - 13) =     -5.96835  eV     1   --> A''            
     e( 14 - 14) =     -4.17365  eV     1   --> E''*           
     e( 15 - 15) =     -2.90715  eV     1   --> A'             
     e( 16 - 16) =     -2.25931  eV     1   --> E''            
     e( 17 - 17) =     -0.85129  eV     1   --> E'             
     e( 18 - 18) =      1.32831  eV     1   --> A''            
     e( 19 - 19) =      1.62246  eV     1   --> E''*           
     e( 20 - 20) =      3.64680  eV     1   --> E'*            
     e( 21 - 21) =      4.62295  eV     1   --> E''            
     e( 22 - 22) =      5.37609  eV     1   --> A'             
     e( 23 - 23) =      5.71402  eV     1   --> A'             
     e( 24 - 24) =      5.95490  eV     1   --> A''            
     e( 25 - 25) =      6.02980  eV     1   --> E'             
     e( 26 - 26) =      6.39409  eV     1   --> E''*           
     e( 27 - 27) =      6.96001  eV     1   --> E'*            
     e( 28 - 28) =      7.20296  eV     1   --> E''            
     e( 29 - 29) =      7.46654  eV     1   --> A''            
     e( 30 - 30) =      7.47396  eV     1   --> E'*            
     e( 31 - 31) =      7.49590  eV     1   --> E''*           
     e( 32 - 32) =      7.83248  eV     1   --> A'             
     e( 33 - 33) =      8.39842  eV     1   --> E'             
     e( 34 - 34) =      9.17447  eV     1   --> A''            
     e( 35 - 35) =      9.44416  eV     1   --> E''*           
     e( 36 - 36) =      9.66110  eV     1   --> E''            
     e( 37 - 37) =      9.86921  eV     1   --> E'*            
     e( 38 - 38) =     10.54087  eV     1   --> A'             
     e( 39 - 39) =     10.91454  eV     1   --> E'             
     e( 40 - 40) =     11.68556  eV     1   --> A''            
     e( 41 - 41) =     12.59397  eV     1   --> E''*           
     e( 42 - 42) =     12.84003  eV     1   --> E''            
     e( 43 - 43) =     13.45211  eV     1   --> E'*            
     e( 44 - 44) =     13.46424  eV     1   --> E''            
     e( 45 - 45) =     13.77255  eV     1   --> E'             
     e( 46 - 46) =     14.16678  eV     1   --> A'             
     e( 47 - 47) =     14.59793  eV     1   --> A''            
     e( 48 - 48) =     16.02046  eV     1   --> E''*           
     e( 49 - 49) =     17.41905  eV     1   --> E'             
     e( 50 - 50) =     17.62747  eV     1   --> E'*            
     e( 51 - 51) =     17.92829  eV     1   --> E''            
     e( 52 - 52) =     18.05222  eV     1   --> A''            
     e( 53 - 53) =     18.07773  eV     1   --> A'             
     e( 54 - 54) =     18.97667  eV     1   --> A'             
     e( 55 - 55) =     19.09125  eV     1   --> E''*           
     e( 56 - 56) =     19.58407  eV     1   --> A''            
     e( 57 - 57) =     19.73812  eV     1   --> E''*           
     e( 58 - 58) =     20.09072  eV     1   --> E'*            
     e( 59 - 59) =     20.69347  eV     1   --> E'             
     e( 60 - 60) =     21.07905  eV     1   --> A'             
     e( 61 - 61) =     21.56437  eV     1   --> E'*            
     e( 62 - 62) =     21.64617  eV     1   --> E''            
     e( 63 - 63) =     21.89851  eV     1   --> A''            
     e( 64 - 64) =     22.10321  eV     1   --> E''*           
     e( 65 - 65) =     22.54856  eV     1   --> E''            
     e( 66 - 66) =     22.66352  eV     1   --> A'             
     e( 67 - 67) =     23.11520  eV     1   --> E'             
     e( 68 - 68) =     23.43669  eV     1   --> E'*            
     e( 69 - 69) =     23.53140  eV     1   --> E''*           
     e( 70 - 70) =     24.44314  eV     1   --> E'             
     e( 71 - 71) =     24.83852  eV     1   --> E''            
     e( 72 - 72) =     24.93818  eV     1   --> E'*            
     e( 73 - 73) =     25.12219  eV     1   --> A''            
     e( 74 - 74) =     25.85674  eV     1   --> A'             
     e( 75 - 75) =     26.46620  eV     1   --> A''            
     e( 76 - 76) =     26.53878  eV     1   --> E''*           
     e( 77 - 77) =     26.70159  eV     1   --> A'             
     e( 78 - 78) =     26.78012  eV     1   --> E''*           
     e( 79 - 79) =     26.90545  eV     1   --> E'             
     e( 80 - 80) =     27.19437  eV     1   --> E''            
     e( 81 - 81) =     27.28919  eV     1   --> E'*            
     e( 82 - 82) =     28.07178  eV     1   --> E'             
     e( 83 - 83) =     28.29822  eV     1   --> A''            
     e( 84 - 84) =     28.56731  eV     1   --> E''            
     e( 85 - 85) =     28.67108  eV     1   --> E''*           
     e( 86 - 86) =     28.70446  eV     1   --> E'*            
     e( 87 - 87) =     29.09566  eV     1   --> A'             
     e( 88 - 88) =     29.27040  eV     1   --> E''*           
     e( 89 - 89) =     29.72176  eV     1   --> E''            
     e( 90 - 90) =     29.76727  eV     1   --> E'*            
     e( 91 - 91) =     29.77379  eV     1   --> E'             
     e( 92 - 92) =     29.85065  eV     1   --> A''            
     e( 93 - 93) =     30.54995  eV     1   --> A''            
     e( 94 - 94) =     30.86767  eV     1   --> E'             
     e( 95 - 95) =     30.90055  eV     1   --> A'             
     e( 96 - 96) =     31.31362  eV     1   --> E''            
     e( 97 - 97) =     32.25510  eV     1   --> A''            
     e( 98 - 98) =     32.37180  eV     1   --> E''*           
     e( 99 - 99) =     32.41112  eV     1   --> A'             
     e(100 -100) =     32.59623  eV     1   --> E'*            
     e(101 -101) =     32.82751  eV     1   --> A'             
     e(102 -102) =     33.12700  eV     1   --> E'             
     e(103 -103) =     33.34876  eV     1   --> E''            
     e(104 -104) =     33.44271  eV     1   --> E''*           
     e(105 -105) =     33.48375  eV     1   --> E'             
     e(106 -106) =     33.82137  eV     1   --> E'*            
     e(107 -107) =     34.35214  eV     1   --> E''            
     e(108 -108) =     34.37755  eV     1   --> A''            
     e(109 -109) =     35.41790  eV     1   --> E'             
     e(110 -110) =     35.65896  eV     1   --> A''            
     e(111 -111) =     35.72305  eV     1   --> E'*            
     e(112 -112) =     35.84802  eV     1   --> E''*           
     e(113 -113) =     36.69847  eV     1   --> A'             
     e(114 -114) =     36.94866  eV     1   --> E'*            
     e(115 -115) =     37.02814  eV     1   --> A''            
     e(116 -116) =     37.13816  eV     1   --> E''            
     e(117 -117) =     37.19425  eV     1   --> A'             
     e(118 -118) =     37.71583  eV     1   --> E'*            
     e(119 -119) =     37.76888  eV     1   --> E''*           
     e(120 -120) =     38.53801  eV     1   --> E'             
     e(121 -121) =     38.75684  eV     1   --> A'             
     e(122 -122) =     38.97961  eV     1   --> E''            
     e(123 -123) =     39.04278  eV     1   --> A''            
     e(124 -124) =     39.04661  eV     1   --> E'             
     e(125 -125) =     39.64506  eV     1   --> E''*           
     e(126 -126) =     39.91940  eV     1   --> E''            
     e(127 -127) =     40.89383  eV     1   --> E'*            
     e(128 -128) =     41.06701  eV     1   --> E'             
     e(129 -129) =     41.06869  eV     1   --> E''            
     e(130 -130) =     41.42527  eV     1   --> A'             
     e(131 -131) =     41.68539  eV     1   --> A''            
     e(132 -132) =     42.06433  eV     1   --> E'*            
     e(133 -133) =     42.09479  eV     1   --> E''*           
     e(134 -134) =     42.57020  eV     1   --> E'             
     e(135 -135) =     43.06747  eV     1   --> A''            
     e(136 -136) =     43.13416  eV     1   --> A'             
     e(137 -137) =     43.62566  eV     1   --> E''            
     e(138 -138) =     43.77666  eV     1   --> E''*           
     e(139 -139) =     44.05501  eV     1   --> A'             
     e(140 -140) =     44.58580  eV     1   --> E'*            
     e(141 -141) =     44.78655  eV     1   --> E'             
     e(142 -142) =     45.04247  eV     1   --> E''*           
     e(143 -143) =     45.05699  eV     1   --> A''            
     e(144 -144) =     45.23858  eV     1   --> E''            
     e(145 -145) =     45.49028  eV     1   --> E'*            
     e(146 -146) =     45.51702  eV     1   --> A'             
     e(147 -147) =     46.02498  eV     1   --> E''            
     e(148 -148) =     46.06509  eV     1   --> E''*           
     e(149 -149) =     46.07068  eV     1   --> A''            
     e(150 -150) =     46.39056  eV     1   --> A'             
     e(151 -151) =     46.61512  eV     1   --> E'*            
     e(152 -152) =     46.65310  eV     1   --> E'             
     e(153 -153) =     46.94673  eV     1   --> E'             
     e(154 -154) =     47.14220  eV     1   --> A''            
     e(155 -155) =     47.33322  eV     1   --> E''*           
     e(156 -156) =     47.41621  eV     1   --> E''            
     e(157 -157) =     47.53789  eV     1   --> E'             
     e(158 -158) =     47.57567  eV     1   --> E'*            
     e(159 -159) =     47.85181  eV     1   --> E''            
     e(160 -160) =     48.06622  eV     1   --> A''            
     e(161 -161) =     48.08722  eV     1   --> A'             
     e(162 -162) =     48.39375  eV     1   --> A'             
     e(163 -163) =     48.39626  eV     1   --> E''*           
     e(164 -164) =     48.44435  eV     1   --> E'             
     e(165 -165) =     48.56577  eV     1   --> A''            
     e(166 -166) =     48.56619  eV     1   --> E''*           
     e(167 -167) =     48.72224  eV     1   --> E'*            
     e(168 -168) =     48.84401  eV     1   --> E'*            
     e(169 -169) =     49.04726  eV     1   --> E''            
     e(170 -170) =     49.41921  eV     1   --> A''            
     e(171 -171) =     49.57228  eV     1   --> E'             
     e(172 -172) =     49.68671  eV     1   --> E''            
     e(173 -173) =     49.75132  eV     1   --> A'             
     e(174 -174) =     49.87448  eV     1   --> A'             
     e(175 -175) =     49.92734  eV     1   --> E'*            
     e(176 -176) =     50.21574  eV     1   --> E''*           
     e(177 -177) =     50.38673  eV     1   --> E''*           
     e(178 -178) =     50.44336  eV     1   --> E'             
     e(179 -179) =     50.65968  eV     1   --> A''            
     e(180 -180) =     50.92648  eV     1   --> A'             
     e(181 -181) =     50.93912  eV     1   --> E''            
     e(182 -182) =     51.50162  eV     1   --> A''            
     e(183 -183) =     51.54589  eV     1   --> E'*            
     e(184 -184) =     51.61051  eV     1   --> E''*           
     e(185 -185) =     51.71589  eV     1   --> E'             
     e(186 -186) =     52.17433  eV     1   --> A'             
     e(187 -187) =     52.31893  eV     1   --> E''            
     e(188 -188) =     52.38860  eV     1   --> E'             
     e(189 -189) =     52.75006  eV     1   --> E'*            
     e(190 -190) =     53.10383  eV     1   --> E''*           
     e(191 -191) =     53.15047  eV     1   --> A''            
     e(192 -192) =     53.22504  eV     1   --> E''            
     e(193 -193) =     53.36569  eV     1   --> A''            
     e(194 -194) =     53.75114  eV     1   --> E'             
     e(195 -195) =     53.76836  eV     1   --> E''            
     e(196 -196) =     54.11923  eV     1   --> A'             
     e(197 -197) =     54.14282  eV     1   --> E''*           
     e(198 -198) =     54.18938  eV     1   --> E'*            
     e(199 -199) =     54.50837  eV     1   --> E''            
     e(200 -200) =     54.58739  eV     1   --> A'             

 **************************************************************************

 **************************************************************************

                    xk=(  -0.33333,  -0.57735,   0.07427  )

     Band symmetry, C_3h (-6)   point group:

     e(  1 -  1) =    -66.63648  eV     1   --> E''            
     e(  2 -  2) =    -40.95157  eV     1   --> E''*           
     e(  3 -  3) =    -40.90193  eV     1   --> A''            
     e(  4 -  4) =    -40.79330  eV     1   --> E'             
     e(  5 -  5) =    -17.87864  eV     1   --> E''*           
     e(  6 -  6) =    -17.85107  eV     1   --> E'*            
     e(  7 -  7) =    -11.55101  eV     1   --> A'             
     e(  8 -  8) =    -10.68483  eV     1   --> E''            
     e(  9 -  9) =    -10.16103  eV     1   --> A''            
     e( 10 - 10) =     -9.53461  eV     1   --> E''*           
     e( 11 - 11) =     -8.90839  eV     1   --> E'             
     e( 12 - 12) =     -8.13969  eV     1   --> E'*            
     e( 13 - 13) =     -5.96835  eV     1   --> A''            
     e( 14 - 14) =     -4.17365  eV     1   --> E''            
     e( 15 - 15) =     -2.90715  eV     1   --> A'             
     e( 16 - 16) =     -2.25931  eV     1   --> E''*           
     e( 17 - 17) =     -0.85129  eV     1   --> E'*            
     e( 18 - 18) =      1.32831  eV     1   --> A''            
     e( 19 - 19) =      1.62246  eV     1   --> E''            
     e( 20 - 20) =      3.64680  eV     1   --> E'             
     e( 21 - 21) =      4.62295  eV     1   --> E''*           
     e( 22 - 22) =      5.37609  eV     1   --> A'             
     e( 23 - 23) =      5.71402  eV     1   --> A'             
     e( 24 - 24) =      5.95490  eV     1   --> A''            
     e( 25 - 25) =      6.02980  eV     1   --> E'*            
     e( 26 - 26) =      6.39409  eV     1   --> E''            
     e( 27 - 27) =      6.96001  eV     1   --> E'             
     e( 28 - 28) =      7.20296  eV     1   --> E''*           
     e( 29 - 29) =      7.46654  eV     1   --> A''            
     e( 30 - 30) =      7.47396  eV     1   --> E'             
     e( 31 - 31) =      7.49590  eV     1   --> E''            
     e( 32 - 32) =      7.83248  eV     1   --> A'             
     e( 33 - 33) =      8.39842  eV     1   --> E'*            
     e( 34 - 34) =      9.17447  eV     1   --> A''            
     e( 35 - 35) =      9.44416  eV     1   --> E''            
     e( 36 - 36) =      9.66110  eV     1   --> E''*           
     e( 37 - 37) =      9.86921  eV     1   --> E'             
     e( 38 - 38) =     10.54087  eV     1   --> A'             
     e( 39 - 39) =     10.91454  eV     1   --> E'*            
     e( 40 - 40) =     11.68556  eV     1   --> A''            
     e( 41 - 41) =     12.59397  eV     1   --> E''            
     e( 42 - 42) =     12.84003  eV     1   --> E''*           
     e( 43 - 43) =     13.45211  eV     1   --> E'             
     e( 44 - 44) =     13.46424  eV     1   --> E''*           
     e( 45 - 45) =     13.77255  eV     1   --> E'*            
     e( 46 - 46) =     14.16678  eV     1   --> A'             
     e( 47 - 47) =     14.59793  eV     1   --> A''            
     e( 48 - 48) =     16.02046  eV     1   --> E''            
     e( 49 - 49) =     17.41905  eV     1   --> E'*            
     e( 50 - 50) =     17.62747  eV     1   --> E'             
     e( 51 - 51) =     17.92829  eV     1   --> E''*           
     e( 52 - 52) =     18.05222  eV     1   --> A''            
     e( 53 - 53) =     18.07773  eV     1   --> A'             
     e( 54 - 54) =     18.97667  eV     1   --> A'             
     e( 55 - 55) =     19.09125  eV     1   --> E''            
     e( 56 - 56) =     19.58407  eV     1   --> A''            
     e( 57 - 57) =     19.73812  eV     1   --> E''            
     e( 58 - 58) =     20.09072  eV     1   --> E'             
     e( 59 - 59) =     20.69347  eV     1   --> E'*            
     e( 60 - 60) =     21.07905  eV     1   --> A'             
     e( 61 - 61) =     21.56437  eV     1   --> E'             
     e( 62 - 62) =     21.64617  eV     1   --> E''*           
     e( 63 - 63) =     21.89851  eV     1   --> A''            
     e( 64 - 64) =     22.10321  eV     1   --> E''            
     e( 65 - 65) =     22.54856  eV     1   --> E''*           
     e( 66 - 66) =     22.66352  eV     1   --> A'             
     e( 67 - 67) =     23.11520  eV     1   --> E'*            
     e( 68 - 68) =     23.43669  eV     1   --> E'             
     e( 69 - 69) =     23.53140  eV     1   --> E''            
     e( 70 - 70) =     24.44314  eV     1   --> E'*            
     e( 71 - 71) =     24.83852  eV     1   --> E''*           
     e( 72 - 72) =     24.93818  eV     1   --> E'             
     e( 73 - 73) =     25.12219  eV     1   --> A''            
     e( 74 - 74) =     25.85674  eV     1   --> A'             
     e( 75 - 75) =     26.46620  eV     1   --> A''            
     e( 76 - 76) =     26.53878  eV     1   --> E''            
     e( 77 - 77) =     26.70159  eV     1   --> A'             
     e( 78 - 78) =     26.78012  eV     1   --> E''            
     e( 79 - 79) =     26.90545  eV     1   --> E'*            
     e( 80 - 80) =     27.19437  eV     1   --> E''*           
     e( 81 - 81) =     27.28919  eV     1   --> E'             
     e( 82 - 82) =     28.07178  eV     1   --> E'*            
     e( 83 - 83) =     28.29822  eV     1   --> A''            
     e( 84 - 84) =     28.56731  eV     1   --> E''*           
     e( 85 - 85) =     28.67108  eV     1   --> E''            
     e( 86 - 86) =     28.70446  eV     1   --> E'             
     e( 87 - 87) =     29.09566  eV     1   --> A'             
     e( 88 - 88) =     29.27040  eV     1   --> E''            
     e( 89 - 89) =     29.72176  eV     1   --> E''*           
     e( 90 - 90) =     29.76727  eV     1   --> E'             
     e( 91 - 91) =     29.77379  eV     1   --> E'*            
     e( 92 - 92) =     29.85065  eV     1   --> A''            
     e( 93 - 93) =     30.54995  eV     1   --> A''            
     e( 94 - 94) =     30.86767  eV     1   --> E'*            
     e( 95 - 95) =     30.90055  eV     1   --> A'             
     e( 96 - 96) =     31.31362  eV     1   --> E''*           
     e( 97 - 97) =     32.25510  eV     1   --> A''            
     e( 98 - 98) =     32.37180  eV     1   --> E''            
     e( 99 - 99) =     32.41112  eV     1   --> A'             
     e(100 -100) =     32.59623  eV     1   --> E'             
     e(101 -101) =     32.82751  eV     1   --> A'             
     e(102 -102) =     33.12700  eV     1   --> E'*            
     e(103 -103) =     33.34876  eV     1   --> E''*           
     e(104 -104) =     33.44271  eV     1   --> E''            
     e(105 -105) =     33.48375  eV     1   --> E'*            
     e(106 -106) =     33.82137  eV     1   --> E'             
     e(107 -107) =     34.35214  eV     1   --> E''*           
     e(108 -108) =     34.37755  eV     1   --> A''            
     e(109 -109) =     35.41790  eV     1   --> E'*            
     e(110 -110) =     35.65896  eV     1   --> A''            
     e(111 -111) =     35.72305  eV     1   --> E'             
     e(112 -112) =     35.84802  eV     1   --> E''            
     e(113 -113) =     36.69847  eV     1   --> A'             
     e(114 -114) =     36.94866  eV     1   --> E'             
     e(115 -115) =     37.02814  eV     1   --> A''            
     e(116 -116) =     37.13816  eV     1   --> E''*           
     e(117 -117) =     37.19425  eV     1   --> A'             
     e(118 -118) =     37.71583  eV     1   --> E'             
     e(119 -119) =     37.76888  eV     1   --> E''            
     e(120 -120) =     38.53801  eV     1   --> E'*            
     e(121 -121) =     38.75684  eV     1   --> A'             
     e(122 -122) =     38.97961  eV     1   --> E''*           
     e(123 -123) =     39.04278  eV     1   --> A''            
     e(124 -124) =     39.04661  eV     1   --> E'*            
     e(125 -125) =     39.64506  eV     1   --> E''            
     e(126 -126) =     39.91940  eV     1   --> E''*           
     e(127 -127) =     40.89383  eV     1   --> E'             
     e(128 -128) =     41.06701  eV     1   --> E'*            
     e(129 -129) =     41.06869  eV     1   --> E''*           
     e(130 -130) =     41.42527  eV     1   --> A'             
     e(131 -131) =     41.68539  eV     1   --> A''            
     e(132 -132) =     42.06433  eV     1   --> E'             
     e(133 -133) =     42.09479  eV     1   --> E''            
     e(134 -134) =     42.57020  eV     1   --> E'*            
     e(135 -135) =     43.06747  eV     1   --> A''            
     e(136 -136) =     43.13416  eV     1   --> A'             
     e(137 -137) =     43.62566  eV     1   --> E''*           
     e(138 -138) =     43.77666  eV     1   --> E''            
     e(139 -139) =     44.05501  eV     1   --> A'             
     e(140 -140) =     44.58580  eV     1   --> E'             
     e(141 -141) =     44.78655  eV     1   --> E'*            
     e(142 -142) =     45.04247  eV     1   --> E''            
     e(143 -143) =     45.05699  eV     1   --> A''            
     e(144 -144) =     45.23858  eV     1   --> E''*           
     e(145 -145) =     45.49028  eV     1   --> E'             
     e(146 -146) =     45.51702  eV     1   --> A'             
     e(147 -147) =     46.02498  eV     1   --> E''*           
     e(148 -148) =     46.06509  eV     1   --> E''            
     e(149 -149) =     46.07068  eV     1   --> A''            
     e(150 -150) =     46.39056  eV     1   --> A'             
     e(151 -151) =     46.61512  eV     1   --> E'             
     e(152 -152) =     46.65310  eV     1   --> E'*            
     e(153 -153) =     46.94673  eV     1   --> E'*            
     e(154 -154) =     47.14220  eV     1   --> A''            
     e(155 -155) =     47.33322  eV     1   --> E''            
     e(156 -156) =     47.41621  eV     1   --> E''*           
     e(157 -157) =     47.53789  eV     1   --> E'*            
     e(158 -158) =     47.57567  eV     1   --> E'             
     e(159 -159) =     47.85181  eV     1   --> E''*           
     e(160 -160) =     48.06622  eV     1   --> A''            
     e(161 -161) =     48.08722  eV     1   --> A'             
     e(162 -162) =     48.39375  eV     1   --> A'             
     e(163 -163) =     48.39626  eV     1   --> E''            
     e(164 -164) =     48.44435  eV     1   --> E'*            
     e(165 -165) =     48.56577  eV     1   --> A''            
     e(166 -166) =     48.56619  eV     1   --> E''            
     e(167 -167) =     48.72224  eV     1   --> E'             
     e(168 -168) =     48.84401  eV     1   --> E'             
     e(169 -169) =     49.04726  eV     1   --> E''*           
     e(170 -170) =     49.41921  eV     1   --> A''            
     e(171 -171) =     49.57228  eV     1   --> E'*            
     e(172 -172) =     49.68671  eV     1   --> E''*           
     e(173 -173) =     49.75132  eV     1   --> A'             
     e(174 -174) =     49.87448  eV     1   --> A'             
     e(175 -175) =     49.92734  eV     1   --> E'             
     e(176 -176) =     50.21574  eV     1   --> E''            
     e(177 -177) =     50.38673  eV     1   --> E''            
     e(178 -178) =     50.44336  eV     1   --> E'*            
     e(179 -179) =     50.65968  eV     1   --> A''            
     e(180 -180) =     50.92648  eV     1   --> A'             
     e(181 -181) =     50.93912  eV     1   --> E''*           
     e(182 -182) =     51.50162  eV     1   --> A''            
     e(183 -183) =     51.54589  eV     1   --> E'             
     e(184 -184) =     51.61051  eV     1   --> E''            
     e(185 -185) =     51.71589  eV     1   --> E'*            
     e(186 -186) =     52.17433  eV     1   --> A'             
     e(187 -187) =     52.31893  eV     1   --> E''*           
     e(188 -188) =     52.38860  eV     1   --> E'*            
     e(189 -189) =     52.75006  eV     1   --> E'             
     e(190 -190) =     53.10383  eV     1   --> E''            
     e(191 -191) =     53.15047  eV     1   --> A''            
     e(192 -192) =     53.22504  eV     1   --> E''*           
     e(193 -193) =     53.36569  eV     1   --> A''            
     e(194 -194) =     53.75114  eV     1   --> E'*            
     e(195 -195) =     53.76836  eV     1   --> E''*           
     e(196 -196) =     54.11923  eV     1   --> A'             
     e(197 -197) =     54.14282  eV     1   --> E''            
     e(198 -198) =     54.18938  eV     1   --> E'             
     e(199 -199) =     54.50837  eV     1   --> E''*           
     e(200 -200) =     54.58739  eV     1   --> A'             

 **************************************************************************

 **************************************************************************

                    xk=(   0.33333,   0.57735,   0.00000  )

     Band symmetry, C_3h (-6)   point group:

     e(  1 -  1) =    -66.63648  eV     1   --> E'*            
     e(  2 -  2) =    -40.95157  eV     1   --> E'             
     e(  3 -  3) =    -40.90193  eV     1   --> A'             
     e(  4 -  4) =    -40.79330  eV     1   --> E''*           
     e(  5 -  5) =    -17.87864  eV     1   --> E'             
     e(  6 -  6) =    -17.85107  eV     1   --> E''            
     e(  7 -  7) =    -11.55101  eV     1   --> A''            
     e(  8 -  8) =    -10.68483  eV     1   --> E'*            
     e(  9 -  9) =    -10.16103  eV     1   --> A'             
     e( 10 - 10) =     -9.53461  eV     1   --> E'             
     e( 11 - 11) =     -8.90839  eV     1   --> E''*           
     e( 12 - 12) =     -8.13969  eV     1   --> E''            
     e( 13 - 13) =     -5.96835  eV     1   --> A'             
     e( 14 - 14) =     -4.17365  eV     1   --> E'*            
     e( 15 - 15) =     -2.90715  eV     1   --> A''            
     e( 16 - 16) =     -2.25931  eV     1   --> E'             
     e( 17 - 17) =     -0.85129  eV     1   --> E''            
     e( 18 - 18) =      1.32831  eV     1   --> A'             
     e( 19 - 19) =      1.62246  eV     1   --> E'*            
     e( 20 - 20) =      3.64680  eV     1   --> E''*           
     e( 21 - 21) =      4.62295  eV     1   --> E'             
     e( 22 - 22) =      5.37609  eV     1   --> A''            
     e( 23 - 23) =      5.71402  eV     1   --> A''            
     e( 24 - 24) =      5.95489  eV     1   --> A'             
     e( 25 - 25) =      6.02980  eV     1   --> E''            
     e( 26 - 26) =      6.39408  eV     1   --> E'*            
     e( 27 - 27) =      6.96003  eV     1   --> E''*           
     e( 28 - 28) =      7.20290  eV     1   --> E'             
     e( 29 - 29) =      7.46648  eV     1   --> A'             
     e( 30 - 30) =      7.47403  eV     1   --> E''*           
     e( 31 - 31) =      7.49585  eV     1   --> E'*            
     e( 32 - 32) =      7.83263  eV     1   --> A''            
     e( 33 - 33) =      8.39869  eV     1   --> E''            
     e( 34 - 34) =      9.17407  eV     1   --> A'             
     e( 35 - 35) =      9.44358  eV     1   --> E'*            
     e( 36 - 36) =      9.66034  eV     1   --> E'             
     e( 37 - 37) =      9.87006  eV     1   --> E''*           
     e( 38 - 38) =     10.54211  eV     1   --> A''            
     e( 39 - 39) =     10.91571  eV     1   --> E''            
     e( 40 - 40) =     11.68372  eV     1   --> A'             
     e( 41 - 41) =     12.59042  eV     1   --> E'*            
     e( 42 - 42) =     12.83967  eV     1   --> E'             
     e( 43 - 43) =     13.45799  eV     1   --> E'             
     e( 44 - 44) =     13.45834  eV     1   --> E''*           
     e( 45 - 45) =     13.77869  eV     1   --> E''            
     e( 46 - 46) =     14.17554  eV     1   --> A''            
     e( 47 - 47) =     14.58945  eV     1   --> A'             
     e( 48 - 48) =     16.00226  eV     1   --> E'*            
     e( 49 - 49) =     17.46110  eV     1   --> E''            
     e( 50 - 50) =     17.68220  eV     1   --> E''*           
     e( 51 - 51) =     17.86379  eV     1   --> E'             
     e( 52 - 52) =     17.99461  eV     1   --> A'             
     e( 53 - 53) =     18.12541  eV     1   --> A''            
     e( 54 - 54) =     19.01215  eV     1   --> A''            
     e( 55 - 55) =     19.04969  eV     1   --> E'*            
     e( 56 - 56) =     19.58270  eV     1   --> A'             
     e( 57 - 57) =     19.65054  eV     1   --> E'*            
     e( 58 - 58) =     20.10697  eV     1   --> E''*           
     e( 59 - 59) =     20.95383  eV     1   --> E''            
     e( 60 - 60) =     21.20665  eV     1   --> A''            
     e( 61 - 61) =     21.33459  eV     1   --> E'             
     e( 62 - 62) =     21.42619  eV     1   --> A'             
     e( 63 - 63) =     22.01639  eV     1   --> E'*            
     e( 64 - 64) =     22.06273  eV     1   --> E''*           
     e( 65 - 65) =     22.40652  eV     1   --> E'             
     e( 66 - 66) =     22.63763  eV     1   --> E'*            
     e( 67 - 67) =     23.65869  eV     1   --> A''            
     e( 68 - 68) =     23.67811  eV     1   --> E'             
     e( 69 - 69) =     23.80609  eV     1   --> E''*           
     e( 70 - 70) =     23.84336  eV     1   --> E''            
     e( 71 - 71) =     23.93751  eV     1   --> A'             
     e( 72 - 72) =     25.22698  eV     1   --> E''            
     e( 73 - 73) =     25.41522  eV     1   --> E'*            
     e( 74 - 74) =     25.95789  eV     1   --> A'             
     e( 75 - 75) =     26.43261  eV     1   --> E''*           
     e( 76 - 76) =     26.65873  eV     1   --> A''            
     e( 77 - 77) =     26.69166  eV     1   --> E'*            
     e( 78 - 78) =     26.91963  eV     1   --> E'             
     e( 79 - 79) =     27.21729  eV     1   --> E'             
     e( 80 - 80) =     27.29070  eV     1   --> E''*           
     e( 81 - 81) =     27.41352  eV     1   --> E''            
     e( 82 - 82) =     27.74152  eV     1   --> A''            
     e( 83 - 83) =     27.82029  eV     1   --> E'*            
     e( 84 - 84) =     27.94548  eV     1   --> A'             
     e( 85 - 85) =     28.70779  eV     1   --> A'             
     e( 86 - 86) =     29.03080  eV     1   --> E''            
     e( 87 - 87) =     29.09933  eV     1   --> A''            
     e( 88 - 88) =     29.13971  eV     1   --> E'*            
     e( 89 - 89) =     29.43154  eV     1   --> E''*           
     e( 90 - 90) =     29.62421  eV     1   --> E'             
     e( 91 - 91) =     30.29892  eV     1   --> E''            
     e( 92 - 92) =     30.42805  eV     1   --> E''*           
     e( 93 - 93) =     30.53208  eV     1   --> A'             
     e( 94 - 94) =     30.87258  eV     1   --> E''            
     e( 95 - 95) =     31.06079  eV     1   --> E'             
     e( 96 - 96) =     31.61743  eV     1   --> E'*            
     e( 97 - 97) =     31.92219  eV     1   --> A''            
     e( 98 - 98) =     32.21444  eV     1   --> A'             
     e( 99 - 99) =     32.54127  eV     1   --> E'             
     e(100 -100) =     32.57645  eV     1   --> A''            
     e(101 -101) =     32.58521  eV     1   --> E'*            
     e(102 -102) =     33.10497  eV     1   --> E''*           
     e(103 -103) =     33.13266  eV     1   --> A'             
     e(104 -104) =     33.14061  eV     1   --> E''            
     e(105 -105) =     33.53754  eV     1   --> A''            
     e(106 -106) =     33.62666  eV     1   --> E'             
     e(107 -107) =     34.56000  eV     1   --> E''*           
     e(108 -108) =     34.84058  eV     1   --> E''            
     e(109 -109) =     35.13235  eV     1   --> A'             
     e(110 -110) =     35.80337  eV     1   --> E''*           
     e(111 -111) =     35.81812  eV     1   --> E'*            
     e(112 -112) =     35.99051  eV     1   --> E''            
     e(113 -113) =     36.71986  eV     1   --> E'*            
     e(114 -114) =     36.72546  eV     1   --> A''            
     e(115 -115) =     36.79946  eV     1   --> E'             
     e(116 -116) =     36.88974  eV     1   --> A'             
     e(117 -117) =     37.71890  eV     1   --> E''*           
     e(118 -118) =     37.97971  eV     1   --> E'             
     e(119 -119) =     38.37842  eV     1   --> E''*           
     e(120 -120) =     38.56994  eV     1   --> E'*            
     e(121 -121) =     38.68637  eV     1   --> A'             
     e(122 -122) =     38.77308  eV     1   --> A''            
     e(123 -123) =     39.04714  eV     1   --> E''            
     e(124 -124) =     39.28939  eV     1   --> E'             
     e(125 -125) =     39.39982  eV     1   --> E''            
     e(126 -126) =     39.44684  eV     1   --> A''            
     e(127 -127) =     39.55707  eV     1   --> A'             
     e(128 -128) =     40.82999  eV     1   --> E'             
     e(129 -129) =     41.40813  eV     1   --> E'*            
     e(130 -130) =     41.84672  eV     1   --> A''            
     e(131 -131) =     42.05072  eV     1   --> E''*           
     e(132 -132) =     42.35134  eV     1   --> A'             
     e(133 -133) =     42.57688  eV     1   --> E'             
     e(134 -134) =     42.63930  eV     1   --> E'*            
     e(135 -135) =     43.08654  eV     1   --> E''            
     e(136 -136) =     43.10849  eV     1   --> E'             
     e(137 -137) =     43.53402  eV     1   --> E'*            
     e(138 -138) =     43.73196  eV     1   --> E''*           
     e(139 -139) =     43.79707  eV     1   --> E''            
     e(140 -140) =     44.24166  eV     1   --> A'             
     e(141 -141) =     44.84214  eV     1   --> A''            
     e(142 -142) =     45.11592  eV     1   --> E'             
     e(143 -143) =     45.44740  eV     1   --> A'             
     e(144 -144) =     45.63289  eV     1   --> E''            
     e(145 -145) =     45.66431  eV     1   --> A'             
     e(146 -146) =     45.76843  eV     1   --> A''            
     e(147 -147) =     45.82993  eV     1   --> E'*            
     e(148 -148) =     45.99630  eV     1   --> E''*           
     e(149 -149) =     46.00224  eV     1   --> E'*            
     e(150 -150) =     46.11742  eV     1   --> E''*           
     e(151 -151) =     46.32361  eV     1   --> A''            
     e(152 -152) =     46.84188  eV     1   --> A'             
     e(153 -153) =     46.89359  eV     1   --> E'             
     e(154 -154) =     47.04826  eV     1   --> E''*           
     e(155 -155) =     47.06047  eV     1   --> E''            
     e(156 -156) =     47.06076  eV     1   --> A''            
     e(157 -157) =     47.21913  eV     1   --> E'             
     e(158 -158) =     47.68482  eV     1   --> E'*            
     e(159 -159) =     47.71211  eV     1   --> E''            
     e(160 -160) =     47.87665  eV     1   --> E'*            
     e(161 -161) =     48.13515  eV     1   --> A'             
     e(162 -162) =     48.23536  eV     1   --> A''            
     e(163 -163) =     48.34759  eV     1   --> E'             
     e(164 -164) =     48.42777  eV     1   --> E''*           
     e(165 -165) =     48.60256  eV     1   --> A'             
     e(166 -166) =     48.60962  eV     1   --> E'*            
     e(167 -167) =     48.79711  eV     1   --> A''            
     e(168 -168) =     48.90822  eV     1   --> E''            
     e(169 -169) =     49.12251  eV     1   --> E''*           
     e(170 -170) =     49.14911  eV     1   --> E'             
     e(171 -171) =     49.58279  eV     1   --> E''            
     e(172 -172) =     49.68369  eV     1   --> A'             
     e(173 -173) =     49.94321  eV     1   --> E''            
     e(174 -174) =     50.06411  eV     1   --> E'*            
     e(175 -175) =     50.16156  eV     1   --> E'             
     e(176 -176) =     50.38858  eV     1   --> E''*           
     e(177 -177) =     50.63379  eV     1   --> A''            
     e(178 -178) =     50.69887  eV     1   --> E'             
     e(179 -179) =     50.92132  eV     1   --> A''            
     e(180 -180) =     51.22657  eV     1   --> E''            
     e(181 -181) =     51.28255  eV     1   --> A'             
     e(182 -182) =     51.36971  eV     1   --> E''*           
     e(183 -183) =     51.59885  eV     1   --> E'*            
     e(184 -184) =     51.80061  eV     1   --> E'*            
     e(185 -185) =     51.83492  eV     1   --> A'             
     e(186 -186) =     52.08024  eV     1   --> E''*           
     e(187 -187) =     52.14701  eV     1   --> E'             
     e(188 -188) =     52.60457  eV     1   --> E'             
     e(189 -189) =     52.61761  eV     1   --> A''            
     e(190 -190) =     52.63515  eV     1   --> E''            
     e(191 -191) =     53.03530  eV     1   --> A''            
     e(192 -192) =     53.03551  eV     1   --> A'             
     e(193 -193) =     53.11648  eV     1   --> E''*           
     e(194 -194) =     53.28973  eV     1   --> E'*            
     e(195 -195) =     53.45566  eV     1   --> E''            
     e(196 -196) =     53.99761  eV     1   --> E'*            
     e(197 -197) =     54.12829  eV     1   --> A'             
     e(198 -198) =     54.46609  eV     1   --> E'             
     e(199 -199) =     54.59989  eV     1   --> A''            
     e(200 -200) =     54.69553  eV     1   --> E''            

 **************************************************************************

 **************************************************************************

                    xk=(  -0.33333,  -0.57735,   0.00000  )

     Band symmetry, C_3h (-6)   point group:

     e(  1 -  1) =    -66.63648  eV     1   --> E'             
     e(  2 -  2) =    -40.95157  eV     1   --> E'*            
     e(  3 -  3) =    -40.90193  eV     1   --> A'             
     e(  4 -  4) =    -40.79330  eV     1   --> E''            
     e(  5 -  5) =    -17.87864  eV     1   --> E'*            
     e(  6 -  6) =    -17.85107  eV     1   --> E''*           
     e(  7 -  7) =    -11.55101  eV     1   --> A''            
     e(  8 -  8) =    -10.68483  eV     1   --> E'             
     e(  9 -  9) =    -10.16103  eV     1   --> A'             
     e( 10 - 10) =     -9.53461  eV     1   --> E'*            
     e( 11 - 11) =     -8.90839  eV     1   --> E''            
     e( 12 - 12) =     -8.13969  eV     1   --> E''*           
     e( 13 - 13) =     -5.96835  eV     1   --> A'             
     e( 14 - 14) =     -4.17365  eV     1   --> E'             
     e( 15 - 15) =     -2.90715  eV     1   --> A''            
     e( 16 - 16) =     -2.25931  eV     1   --> E'*            
     e( 17 - 17) =     -0.85129  eV     1   --> E''*           
     e( 18 - 18) =      1.32831  eV     1   --> A'             
     e( 19 - 19) =      1.62246  eV     1   --> E'             
     e( 20 - 20) =      3.64680  eV     1   --> E''            
     e( 21 - 21) =      4.62295  eV     1   --> E'*            
     e( 22 - 22) =      5.37609  eV     1   --> A''            
     e( 23 - 23) =      5.71402  eV     1   --> A''            
     e( 24 - 24) =      5.95489  eV     1   --> A'             
     e( 25 - 25) =      6.02980  eV     1   --> E''*           
     e( 26 - 26) =      6.39408  eV     1   --> E'             
     e( 27 - 27) =      6.96003  eV     1   --> E''            
     e( 28 - 28) =      7.20290  eV     1   --> E'*            
     e( 29 - 29) =      7.46648  eV     1   --> A'             
     e( 30 - 30) =      7.47403  eV     1   --> E''            
     e( 31 - 31) =      7.49585  eV     1   --> E'             
     e( 32 - 32) =      7.83263  eV     1   --> A''            
     e( 33 - 33) =      8.39869  eV     1   --> E''*           
     e( 34 - 34) =      9.17407  eV     1   --> A'             
     e( 35 - 35) =      9.44358  eV     1   --> E'             
     e( 36 - 36) =      9.66034  eV     1   --> E'*            
     e( 37 - 37) =      9.87006  eV     1   --> E''            
     e( 38 - 38) =     10.54211  eV     1   --> A''            
     e( 39 - 39) =     10.91571  eV     1   --> E''*           
     e( 40 - 40) =     11.68372  eV     1   --> A'             
     e( 41 - 41) =     12.59042  eV     1   --> E'             
     e( 42 - 42) =     12.83967  eV     1   --> E'*            
     e( 43 - 43) =     13.45799  eV     1   --> E'*            
     e( 44 - 44) =     13.45834  eV     1   --> E''            
     e( 45 - 45) =     13.77869  eV     1   --> E''*           
     e( 46 - 46) =     14.17554  eV     1   --> A''            
     e( 47 - 47) =     14.58945  eV     1   --> A'             
     e( 48 - 48) =     16.00226  eV     1   --> E'             
     e( 49 - 49) =     17.46110  eV     1   --> E''*           
     e( 50 - 50) =     17.68220  eV     1   --> E''            
     e( 51 - 51) =     17.86379  eV     1   --> E'*            
     e( 52 - 52) =     17.99461  eV     1   --> A'             
     e( 53 - 53) =     18.12541  eV     1   --> A''            
     e( 54 - 54) =     19.01215  eV     1   --> A''            
     e( 55 - 55) =     19.04969  eV     1   --> E'             
     e( 56 - 56) =     19.58270  eV     1   --> A'             
     e( 57 - 57) =     19.65054  eV     1   --> E'             
     e( 58 - 58) =     20.10697  eV     1   --> E''            
     e( 59 - 59) =     20.95383  eV     1   --> E''*           
     e( 60 - 60) =     21.20665  eV     1   --> A''            
     e( 61 - 61) =     21.33459  eV     1   --> E'*            
     e( 62 - 62) =     21.42619  eV     1   --> A'             
     e( 63 - 63) =     22.01639  eV     1   --> E'             
     e( 64 - 64) =     22.06273  eV     1   --> E''            
     e( 65 - 65) =     22.40652  eV     1   --> E'*            
     e( 66 - 66) =     22.63763  eV     1   --> E'             
     e( 67 - 67) =     23.65869  eV     1   --> A''            
     e( 68 - 68) =     23.67811  eV     1   --> E'*            
     e( 69 - 69) =     23.80609  eV     1   --> E''            
     e( 70 - 70) =     23.84336  eV     1   --> E''*           
     e( 71 - 71) =     23.93751  eV     1   --> A'             
     e( 72 - 72) =     25.22698  eV     1   --> E''*           
     e( 73 - 73) =     25.41522  eV     1   --> E'             
     e( 74 - 74) =     25.95789  eV     1   --> A'             
     e( 75 - 75) =     26.43261  eV     1   --> E''            
     e( 76 - 76) =     26.65873  eV     1   --> A''            
     e( 77 - 77) =     26.69166  eV     1   --> E'             
     e( 78 - 78) =     26.91963  eV     1   --> E'*            
     e( 79 - 79) =     27.21729  eV     1   --> E'*            
     e( 80 - 80) =     27.29070  eV     1   --> E''            
     e( 81 - 81) =     27.41352  eV     1   --> E''*           
     e( 82 - 82) =     27.74152  eV     1   --> A''            
     e( 83 - 83) =     27.82029  eV     1   --> E'             
     e( 84 - 84) =     27.94548  eV     1   --> A'             
     e( 85 - 85) =     28.70779  eV     1   --> A'             
     e( 86 - 86) =     29.03080  eV     1   --> E''*           
     e( 87 - 87) =     29.09933  eV     1   --> A''            
     e( 88 - 88) =     29.13971  eV     1   --> E'             
     e( 89 - 89) =     29.43154  eV     1   --> E''            
     e( 90 - 90) =     29.62421  eV     1   --> E'*            
     e( 91 - 91) =     30.29892  eV     1   --> E''*           
     e( 92 - 92) =     30.42805  eV     1   --> E''            
     e( 93 - 93) =     30.53208  eV     1   --> A'             
     e( 94 - 94) =     30.87258  eV     1   --> E''*           
     e( 95 - 95) =     31.06079  eV     1   --> E'*            
     e( 96 - 96) =     31.61743  eV     1   --> E'             
     e( 97 - 97) =     31.92219  eV     1   --> A''            
     e( 98 - 98) =     32.21444  eV     1   --> A'             
     e( 99 - 99) =     32.54127  eV     1   --> E'*            
     e(100 -100) =     32.57645  eV     1   --> A''            
     e(101 -101) =     32.58521  eV     1   --> E'             
     e(102 -102) =     33.10497  eV     1   --> E''            
     e(103 -103) =     33.13266  eV     1   --> A'             
     e(104 -104) =     33.14061  eV     1   --> E''*           
     e(105 -105) =     33.53754  eV     1   --> A''            
     e(106 -106) =     33.62666  eV     1   --> E'*            
     e(107 -107) =     34.56000  eV     1   --> E''            
     e(108 -108) =     34.84058  eV     1   --> E''*           
     e(109 -109) =     35.13235  eV     1   --> A'             
     e(110 -110) =     35.80337  eV     1   --> E''            
     e(111 -111) =     35.81812  eV     1   --> E'             
     e(112 -112) =     35.99051  eV     1   --> E''*           
     e(113 -113) =     36.71986  eV     1   --> E'             
     e(114 -114) =     36.72546  eV     1   --> A''            
     e(115 -115) =     36.79946  eV     1   --> E'*            
     e(116 -116) =     36.88974  eV     1   --> A'             
     e(117 -117) =     37.71890  eV     1   --> E''            
     e(118 -118) =     37.97971  eV     1   --> E'*            
     e(119 -119) =     38.37842  eV     1   --> E''            
     e(120 -120) =     38.56994  eV     1   --> E'             
     e(121 -121) =     38.68637  eV     1   --> A'             
     e(122 -122) =     38.77308  eV     1   --> A''            
     e(123 -123) =     39.04714  eV     1   --> E''*           
     e(124 -124) =     39.28939  eV     1   --> E'*            
     e(125 -125) =     39.39982  eV     1   --> E''*           
     e(126 -126) =     39.44684  eV     1   --> A''            
     e(127 -127) =     39.55707  eV     1   --> A'             
     e(128 -128) =     40.82999  eV     1   --> E'*            
     e(129 -129) =     41.40813  eV     1   --> E'             
     e(130 -130) =     41.84672  eV     1   --> A''            
     e(131 -131) =     42.05072  eV     1   --> E''            
     e(132 -132) =     42.35134  eV     1   --> A'             
     e(133 -133) =     42.57688  eV     1   --> E'*            
     e(134 -134) =     42.63930  eV     1   --> E'             
     e(135 -135) =     43.08654  eV     1   --> E''*           
     e(136 -136) =     43.10849  eV     1   --> E'*            
     e(137 -137) =     43.53402  eV     1   --> E'             
     e(138 -138) =     43.73196  eV     1   --> E''            
     e(139 -139) =     43.79707  eV     1   --> E''*           
     e(140 -140) =     44.24166  eV     1   --> A'             
     e(141 -141) =     44.84214  eV     1   --> A''            
     e(142 -142) =     45.11592  eV     1   --> E'*            
     e(143 -143) =     45.44740  eV     1   --> A'             
     e(144 -144) =     45.63289  eV     1   --> E''*           
     e(145 -145) =     45.66431  eV     1   --> A'             
     e(146 -146) =     45.76843  eV     1   --> A''            
     e(147 -147) =     45.82993  eV     1   --> E'             
     e(148 -148) =     45.99630  eV     1   --> E''            
     e(149 -149) =     46.00224  eV     1   --> E'             
     e(150 -150) =     46.11742  eV     1   --> E''            
     e(151 -151) =     46.32361  eV     1   --> A''            
     e(152 -152) =     46.84188  eV     1   --> A'             
     e(153 -153) =     46.89359  eV     1   --> E'*            
     e(154 -154) =     47.04826  eV     1   --> E''            
     e(155 -155) =     47.06047  eV     1   --> E''*           
     e(156 -156) =     47.06076  eV     1   --> A''            
     e(157 -157) =     47.21913  eV     1   --> E'*            
     e(158 -158) =     47.68482  eV     1   --> E'             
     e(159 -159) =     47.71211  eV     1   --> E''*           
     e(160 -160) =     47.87665  eV     1   --> E'             
     e(161 -161) =     48.13515  eV     1   --> A'             
     e(162 -162) =     48.23536  eV     1   --> A''            
     e(163 -163) =     48.34759  eV     1   --> E'*            
     e(164 -164) =     48.42777  eV     1   --> E''            
     e(165 -165) =     48.60256  eV     1   --> A'             
     e(166 -166) =     48.60962  eV     1   --> E'             
     e(167 -167) =     48.79711  eV     1   --> A''            
     e(168 -168) =     48.90822  eV     1   --> E''*           
     e(169 -169) =     49.12251  eV     1   --> E''            
     e(170 -170) =     49.14911  eV     1   --> E'*            
     e(171 -171) =     49.58279  eV     1   --> E''*           
     e(172 -172) =     49.68369  eV     1   --> A'             
     e(173 -173) =     49.94321  eV     1   --> E''*           
     e(174 -174) =     50.06411  eV     1   --> E'             
     e(175 -175) =     50.16156  eV     1   --> E'*            
     e(176 -176) =     50.38858  eV     1   --> E''            
     e(177 -177) =     50.63379  eV     1   --> A''            
     e(178 -178) =     50.69887  eV     1   --> E'*            
     e(179 -179) =     50.92132  eV     1   --> A''            
     e(180 -180) =     51.22657  eV     1   --> E''*           
     e(181 -181) =     51.28255  eV     1   --> A'             
     e(182 -182) =     51.36971  eV     1   --> E''            
     e(183 -183) =     51.59885  eV     1   --> E'             
     e(184 -184) =     51.80061  eV     1   --> E'             
     e(185 -185) =     51.83492  eV     1   --> A'             
     e(186 -186) =     52.08024  eV     1   --> E''            
     e(187 -187) =     52.14701  eV     1   --> E'*            
     e(188 -188) =     52.60457  eV     1   --> E'*            
     e(189 -189) =     52.61761  eV     1   --> A''            
     e(190 -190) =     52.63515  eV     1   --> E''*           
     e(191 -191) =     53.03530  eV     1   --> A''            
     e(192 -192) =     53.03551  eV     1   --> A'             
     e(193 -193) =     53.11648  eV     1   --> E''            
     e(194 -194) =     53.28973  eV     1   --> E'             
     e(195 -195) =     53.45566  eV     1   --> E''*           
     e(196 -196) =     53.99761  eV     1   --> E'             
     e(197 -197) =     54.12829  eV     1   --> A'             
     e(198 -198) =     54.46609  eV     1   --> E'*            
     e(199 -199) =     54.59989  eV     1   --> A''            
     e(200 -200) =     54.69553  eV     1   --> E''*           

 **************************************************************************

 **************************************************************************

                    xk=(   0.50000,   0.28868,   0.07427  )

     point group C_2v (mm2) 
     there are  4 classes
     the character table:

       E     C2    s_v   s_v' 
A_1    1.00  1.00  1.00  1.00
A_2    1.00  1.00 -1.00 -1.00
B_1    1.00 -1.00  1.00 -1.00
B_2    1.00 -1.00 -1.00  1.00

     the symmetry operations in each class and the name of the first element:

     E        1
                                                                 
     C2       2
                                                                 
     s_v      3
                                                                 
     s_v'     4
                                                                 

     Band symmetry, C_2v (mm2)  point group:

     e(  1 -  1) =    -66.64208  eV     1   --> B_2  D_4  S_4  
     e(  2 -  2) =    -41.05662  eV     1   --> B_2  D_4  S_4  
     e(  3 -  3) =    -40.80424  eV     1   --> A_1  D_1  S_1  
     e(  4 -  4) =    -40.72767  eV     1   --> A_2  D_2  S_2  
     e(  5 -  5) =    -18.17064  eV     1   --> B_2  D_4  S_4  
     e(  6 -  6) =    -18.02833  eV     1   --> A_1  D_1  S_1  
     e(  7 -  7) =    -11.90655  eV     1   --> B_2  D_4  S_4  
     e(  8 -  8) =    -10.89853  eV     1   --> A_1  D_1  S_1  
     e(  9 -  9) =    -10.12521  eV     1   --> B_2  D_4  S_4  
     e( 10 - 10) =     -9.16998  eV     1   --> B_1  D_3  S_3  
     e( 11 - 11) =     -7.87238  eV     1   --> A_1  D_1  S_1  
     e( 12 - 12) =     -6.85669  eV     1   --> A_2  D_2  S_2  
     e( 13 - 13) =     -6.61916  eV     1   --> B_2  D_4  S_4  
     e( 14 - 14) =     -3.57470  eV     1   --> A_2  D_2  S_2  
     e( 15 - 15) =     -3.06461  eV     1   --> B_2  D_4  S_4  
     e( 16 - 16) =     -2.01921  eV     1   --> A_1  D_1  S_1  
     e( 17 - 17) =     -1.49547  eV     1   --> B_1  D_3  S_3  
     e( 18 - 18) =      0.20432  eV     1   --> B_2  D_4  S_4  
     e( 19 - 19) =      1.85925  eV     1   --> A_1  D_1  S_1  
     e( 20 - 20) =      2.33979  eV     1   --> B_2  D_4  S_4  
     e( 21 - 21) =      3.10627  eV     1   --> A_1  D_1  S_1  
     e( 22 - 22) =      3.78161  eV     1   --> B_2  D_4  S_4  
     e( 23 - 23) =      4.57918  eV     1   --> A_1  D_1  S_1  
     e( 24 - 24) =      5.16739  eV     1   --> B_2  D_4  S_4  
     e( 25 - 25) =      5.34714  eV     1   --> A_2  D_2  S_2  
     e( 26 - 26) =      5.68387  eV     1   --> B_2  D_4  S_4  
     e( 27 - 27) =      5.82099  eV     1   --> A_1  D_1  S_1  
     e( 28 - 28) =      7.01852  eV     1   --> A_1  D_1  S_1  
     e( 29 - 29) =      7.40909  eV     1   --> B_2  D_4  S_4  
     e( 30 - 30) =      7.92211  eV     1   --> B_2  D_4  S_4  
     e( 31 - 31) =      8.42805  eV     1   --> A_1  D_1  S_1  
     e( 32 - 32) =      9.66730  eV     1   --> B_1  D_3  S_3  
     e( 33 - 33) =     10.18873  eV     1   --> B_2  D_4  S_4  
     e( 34 - 34) =     10.24652  eV     1   --> A_1  D_1  S_1  
     e( 35 - 35) =     10.92897  eV     1   --> B_2  D_4  S_4  
     e( 36 - 36) =     11.36144  eV     1   --> A_2  D_2  S_2  
     e( 37 - 37) =     11.71019  eV     1   --> A_1  D_1  S_1  
     e( 38 - 38) =     12.10270  eV     1   --> B_1  D_3  S_3  
     e( 39 - 39) =     12.44285  eV     1   --> A_1  D_1  S_1  
     e( 40 - 40) =     13.04242  eV     1   --> B_2  D_4  S_4  
     e( 41 - 41) =     13.54444  eV     1   --> B_2  D_4  S_4  
     e( 42 - 42) =     13.68353  eV     1   --> A_1  D_1  S_1  
     e( 43 - 43) =     14.05441  eV     1   --> A_2  D_2  S_2  
     e( 44 - 44) =     14.12992  eV     1   --> A_1  D_1  S_1  
     e( 45 - 45) =     14.70645  eV     1   --> B_2  D_4  S_4  
     e( 46 - 46) =     15.21582  eV     1   --> B_1  D_3  S_3  
     e( 47 - 47) =     15.86797  eV     1   --> A_1  D_1  S_1  
     e( 48 - 48) =     16.23335  eV     1   --> A_2  D_2  S_2  
     e( 49 - 49) =     16.24794  eV     1   --> B_2  D_4  S_4  
     e( 50 - 50) =     16.65916  eV     1   --> A_1  D_1  S_1  
     e( 51 - 51) =     16.83950  eV     1   --> B_2  D_4  S_4  
     e( 52 - 52) =     17.15440  eV     1   --> B_2  D_4  S_4  
     e( 53 - 53) =     17.64799  eV     1   --> A_1  D_1  S_1  
     e( 54 - 54) =     17.68710  eV     1   --> B_1  D_3  S_3  
     e( 55 - 55) =     18.34188  eV     1   --> A_2  D_2  S_2  
     e( 56 - 56) =     18.59543  eV     1   --> B_2  D_4  S_4  
     e( 57 - 57) =     18.82845  eV     1   --> A_1  D_1  S_1  
     e( 58 - 58) =     18.83543  eV     1   --> A_2  D_2  S_2  
     e( 59 - 59) =     19.31507  eV     1   --> B_2  D_4  S_4  
     e( 60 - 60) =     19.38757  eV     1   --> B_1  D_3  S_3  
     e( 61 - 61) =     20.35151  eV     1   --> A_1  D_1  S_1  
     e( 62 - 62) =     20.89706  eV     1   --> A_1  D_1  S_1  
     e( 63 - 63) =     20.99816  eV     1   --> B_2  D_4  S_4  
     e( 64 - 64) =     21.30575  eV     1   --> B_1  D_3  S_3  
     e( 65 - 65) =     21.67481  eV     1   --> B_2  D_4  S_4  
     e( 66 - 66) =     22.16776  eV     1   --> A_1  D_1  S_1  
     e( 67 - 67) =     22.20526  eV     1   --> A_2  D_2  S_2  
     e( 68 - 68) =     22.64163  eV     1   --> B_2  D_4  S_4  
     e( 69 - 69) =     23.19248  eV     1   --> A_1  D_1  S_1  
     e( 70 - 70) =     23.35119  eV     1   --> A_1  D_1  S_1  
     e( 71 - 71) =     24.12718  eV     1   --> B_2  D_4  S_4  
     e( 72 - 72) =     24.66589  eV     1   --> A_1  D_1  S_1  
     e( 73 - 73) =     25.32421  eV     1   --> B_2  D_4  S_4  
     e( 74 - 74) =     25.50908  eV     1   --> B_2  D_4  S_4  
     e( 75 - 75) =     25.63924  eV     1   --> B_1  D_3  S_3  
     e( 76 - 76) =     25.97087  eV     1   --> A_1  D_1  S_1  
     e( 77 - 77) =     26.51741  eV     1   --> A_2  D_2  S_2  
     e( 78 - 78) =     26.63397  eV     1   --> A_1  D_1  S_1  
     e( 79 - 79) =     26.86661  eV     1   --> A_2  D_2  S_2  
     e( 80 - 80) =     26.91459  eV     1   --> B_2  D_4  S_4  
     e( 81 - 81) =     27.36587  eV     1   --> B_2  D_4  S_4  
     e( 82 - 82) =     27.86103  eV     1   --> B_2  D_4  S_4  
     e( 83 - 83) =     27.89757  eV     1   --> A_1  D_1  S_1  
     e( 84 - 84) =     28.10598  eV     1   --> B_1  D_3  S_3  
     e( 85 - 85) =     29.22507  eV     1   --> A_1  D_1  S_1  
     e( 86 - 86) =     29.78453  eV     1   --> B_2  D_4  S_4  
     e( 87 - 87) =     30.16544  eV     1   --> B_1  D_3  S_3  
     e( 88 - 88) =     30.20111  eV     1   --> A_1  D_1  S_1  
     e( 89 - 89) =     30.49109  eV     1   --> A_2  D_2  S_2  
     e( 90 - 90) =     30.72206  eV     1   --> B_2  D_4  S_4  
     e( 91 - 91) =     30.99555  eV     1   --> B_2  D_4  S_4  
     e( 92 - 92) =     31.22892  eV     1   --> A_1  D_1  S_1  
     e( 93 - 93) =     32.23898  eV     1   --> A_2  D_2  S_2  
     e( 94 - 94) =     32.27903  eV     1   --> A_1  D_1  S_1  
     e( 95 - 95) =     32.52892  eV     1   --> B_1  D_3  S_3  
     e( 96 - 96) =     32.81849  eV     1   --> A_1  D_1  S_1  
     e( 97 - 97) =     32.98791  eV     1   --> B_2  D_4  S_4  
     e( 98 - 98) =     33.01362  eV     1   --> A_2  D_2  S_2  
     e( 99 - 99) =     33.35259  eV     1   --> A_1  D_1  S_1  
     e(100 -100) =     33.58042  eV     1   --> B_1  D_3  S_3  
     e(101 -101) =     33.74914  eV     1   --> B_2  D_4  S_4  
     e(102 -102) =     34.07580  eV     1   --> B_2  D_4  S_4  
     e(103 -103) =     35.01576  eV     1   --> B_1  D_3  S_3  
     e(104 -104) =     35.06430  eV     1   --> A_1  D_1  S_1  
     e(105 -105) =     35.11112  eV     1   --> B_2  D_4  S_4  
     e(106 -106) =     35.17529  eV     1   --> A_1  D_1  S_1  
     e(107 -107) =     35.34336  eV     1   --> A_1  D_1  S_1  
     e(108 -108) =     35.40370  eV     1   --> A_2  D_2  S_2  
     e(109 -109) =     35.86733  eV     1   --> A_2  D_2  S_2  
     e(110 -110) =     35.87364  eV     1   --> B_2  D_4  S_4  
     e(111 -111) =     36.26903  eV     1   --> B_2  D_4  S_4  
     e(112 -112) =     36.27512  eV     1   --> B_1  D_3  S_3  
     e(113 -113) =     36.51844  eV     1   --> A_1  D_1  S_1  
     e(114 -114) =     36.56146  eV     1   --> A_2  D_2  S_2  
     e(115 -115) =     36.79529  eV     1   --> B_2  D_4  S_4  
     e(116 -116) =     36.93883  eV     1   --> B_1  D_3  S_3  
     e(117 -117) =     37.44947  eV     1   --> A_1  D_1  S_1  
     e(118 -118) =     37.62214  eV     1   --> B_1  D_3  S_3  
     e(119 -119) =     37.91122  eV     1   --> B_2  D_4  S_4  
     e(120 -120) =     38.01670  eV     1   --> A_2  D_2  S_2  
     e(121 -121) =     38.09116  eV     1   --> A_1  D_1  S_1  
     e(122 -122) =     38.50874  eV     1   --> B_2  D_4  S_4  
     e(123 -123) =     38.61841  eV     1   --> A_2  D_2  S_2  
     e(124 -124) =     38.74804  eV     1   --> A_1  D_1  S_1  
     e(125 -125) =     39.08735  eV     1   --> B_1  D_3  S_3  
     e(126 -126) =     39.31519  eV     1   --> A_1  D_1  S_1  
     e(127 -127) =     39.84811  eV     1   --> B_2  D_4  S_4  
     e(128 -128) =     40.18419  eV     1   --> B_1  D_3  S_3  
     e(129 -129) =     40.24198  eV     1   --> A_2  D_2  S_2  
     e(130 -130) =     40.46562  eV     1   --> A_1  D_1  S_1  
     e(131 -131) =     40.70782  eV     1   --> B_2  D_4  S_4  
     e(132 -132) =     41.10342  eV     1   --> B_2  D_4  S_4  
     e(133 -133) =     41.27063  eV     1   --> A_1  D_1  S_1  
     e(134 -134) =     41.32514  eV     1   --> B_1  D_3  S_3  
     e(135 -135) =     41.45607  eV     1   --> A_2  D_2  S_2  
     e(136 -136) =     41.89225  eV     1   --> B_2  D_4  S_4  
     e(137 -137) =     42.04148  eV     1   --> A_1  D_1  S_1  
     e(138 -138) =     42.33454  eV     1   --> A_2  D_2  S_2  
     e(139 -139) =     42.43736  eV     1   --> B_2  D_4  S_4  
     e(140 -140) =     42.59994  eV     1   --> B_1  D_3  S_3  
     e(141 -141) =     43.16534  eV     1   --> A_1  D_1  S_1  
     e(142 -142) =     43.51688  eV     1   --> A_2  D_2  S_2  
     e(143 -143) =     43.70139  eV     1   --> B_2  D_4  S_4  
     e(144 -144) =     43.74467  eV     1   --> A_1  D_1  S_1  
     e(145 -145) =     44.05684  eV     1   --> B_2  D_4  S_4  
     e(146 -146) =     44.08230  eV     1   --> B_1  D_3  S_3  
     e(147 -147) =     44.51485  eV     1   --> A_1  D_1  S_1  
     e(148 -148) =     44.59325  eV     1   --> A_2  D_2  S_2  
     e(149 -149) =     45.01453  eV     1   --> B_1  D_3  S_3  
     e(150 -150) =     45.25728  eV     1   --> B_2  D_4  S_4  
     e(151 -151) =     45.49353  eV     1   --> A_1  D_1  S_1  
     e(152 -152) =     45.75299  eV     1   --> B_2  D_4  S_4  
     e(153 -153) =     45.93885  eV     1   --> B_2  D_4  S_4  
     e(154 -154) =     46.07608  eV     1   --> A_2  D_2  S_2  
     e(155 -155) =     46.13970  eV     1   --> A_1  D_1  S_1  
     e(156 -156) =     46.26474  eV     1   --> A_1  D_1  S_1  
     e(157 -157) =     46.40281  eV     1   --> A_1  D_1  S_1  
     e(158 -158) =     46.49311  eV     1   --> B_1  D_3  S_3  
     e(159 -159) =     46.56922  eV     1   --> B_2  D_4  S_4  
     e(160 -160) =     46.79575  eV     1   --> B_2  D_4  S_4  
     e(161 -161) =     47.29018  eV     1   --> A_1  D_1  S_1  
     e(162 -162) =     47.53887  eV     1   --> B_1  D_3  S_3  
     e(163 -163) =     47.65506  eV     1   --> B_2  D_4  S_4  
     e(164 -164) =     47.71024  eV     1   --> A_1  D_1  S_1  
     e(165 -165) =     48.22850  eV     1   --> B_2  D_4  S_4  
     e(166 -166) =     48.47638  eV     1   --> B_2  D_4  S_4  
     e(167 -167) =     48.53193  eV     1   --> A_1  D_1  S_1  
     e(168 -168) =     48.65101  eV     1   --> A_2  D_2  S_2  
     e(169 -169) =     48.92676  eV     1   --> B_1  D_3  S_3  
     e(170 -170) =     49.19825  eV     1   --> A_1  D_1  S_1  
     e(171 -171) =     49.29726  eV     1   --> A_1  D_1  S_1  
     e(172 -172) =     49.41967  eV     1   --> A_2  D_2  S_2  
     e(173 -173) =     49.59527  eV     1   --> A_2  D_2  S_2  
     e(174 -174) =     49.75224  eV     1   --> B_2  D_4  S_4  
     e(175 -175) =     49.90560  eV     1   --> B_2  D_4  S_4  
     e(176 -176) =     50.32694  eV     1   --> A_1  D_1  S_1  
     e(177 -177) =     50.80627  eV     1   --> B_1  D_3  S_3  
     e(178 -178) =     50.90753  eV     1   --> A_1  D_1  S_1  
     e(179 -179) =     50.95209  eV     1   --> B_1  D_3  S_3  
     e(180 -180) =     51.25516  eV     1   --> B_2  D_4  S_4  
     e(181 -181) =     51.40189  eV     1   --> A_1  D_1  S_1  
     e(182 -182) =     51.52998  eV     1   --> A_2  D_2  S_2  
     e(183 -183) =     51.95443  eV     1   --> B_2  D_4  S_4  
     e(184 -184) =     52.30769  eV     1   --> B_2  D_4  S_4  
     e(185 -185) =     52.31803  eV     1   --> B_1  D_3  S_3  
     e(186 -186) =     52.33928  eV     1   --> A_1  D_1  S_1  
     e(187 -187) =     52.83191  eV     1   --> A_1  D_1  S_1  
     e(188 -188) =     52.90804  eV     1   --> B_2  D_4  S_4  
     e(189 -189) =     52.97223  eV     1   --> A_2  D_2  S_2  
     e(190 -190) =     53.23830  eV     1   --> B_1  D_3  S_3  
     e(191 -191) =     53.37327  eV     1   --> A_1  D_1  S_1  
     e(192 -192) =     53.48478  eV     1   --> B_2  D_4  S_4  
     e(193 -193) =     53.99190  eV     1   --> B_2  D_4  S_4  
     e(194 -194) =     54.04006  eV     1   --> B_1  D_3  S_3  
     e(195 -195) =     54.12199  eV     1   --> A_2  D_2  S_2  
     e(196 -196) =     54.23728  eV     1   --> B_2  D_4  S_4  
     e(197 -197) =     54.26651  eV     1   --> A_1  D_1  S_1  
     e(198 -198) =     54.40110  eV     1   --> A_1  D_1  S_1  
     e(199 -199) =     55.03619  eV     1   --> A_1  D_1  S_1  
     e(200 -200) =     55.86838  eV     1   --> B_2  D_4  S_4  

 **************************************************************************

 **************************************************************************

                    xk=(  -0.50000,  -0.28868,  -0.07427  )

     Band symmetry, C_2v (mm2)  point group:

     e(  1 -  1) =    -66.64208  eV     1   --> B_2  D_4  S_4  
     e(  2 -  2) =    -41.05662  eV     1   --> B_2  D_4  S_4  
     e(  3 -  3) =    -40.80424  eV     1   --> A_1  D_1  S_1  
     e(  4 -  4) =    -40.72767  eV     1   --> A_2  D_2  S_2  
     e(  5 -  5) =    -18.17064  eV     1   --> B_2  D_4  S_4  
     e(  6 -  6) =    -18.02833  eV     1   --> A_1  D_1  S_1  
     e(  7 -  7) =    -11.90655  eV     1   --> B_2  D_4  S_4  
     e(  8 -  8) =    -10.89853  eV     1   --> A_1  D_1  S_1  
     e(  9 -  9) =    -10.12521  eV     1   --> B_2  D_4  S_4  
     e( 10 - 10) =     -9.16998  eV     1   --> B_1  D_3  S_3  
     e( 11 - 11) =     -7.87238  eV     1   --> A_1  D_1  S_1  
     e( 12 - 12) =     -6.85669  eV     1   --> A_2  D_2  S_2  
     e( 13 - 13) =     -6.61916  eV     1   --> B_2  D_4  S_4  
     e( 14 - 14) =     -3.57470  eV     1   --> A_2  D_2  S_2  
     e( 15 - 15) =     -3.06461  eV     1   --> B_2  D_4  S_4  
     e( 16 - 16) =     -2.01921  eV     1   --> A_1  D_1  S_1  
     e( 17 - 17) =     -1.49547  eV     1   --> B_1  D_3  S_3  
     e( 18 - 18) =      0.20432  eV     1   --> B_2  D_4  S_4  
     e( 19 - 19) =      1.85925  eV     1   --> A_1  D_1  S_1  
     e( 20 - 20) =      2.33979  eV     1   --> B_2  D_4  S_4  
     e( 21 - 21) =      3.10627  eV     1   --> A_1  D_1  S_1  
     e( 22 - 22) =      3.78161  eV     1   --> B_2  D_4  S_4  
     e( 23 - 23) =      4.57918  eV     1   --> A_1  D_1  S_1  
     e( 24 - 24) =      5.16739  eV     1   --> B_2  D_4  S_4  
     e( 25 - 25) =      5.34714  eV     1   --> A_2  D_2  S_2  
     e( 26 - 26) =      5.68387  eV     1   --> B_2  D_4  S_4  
     e( 27 - 27) =      5.82099  eV     1   --> A_1  D_1  S_1  
     e( 28 - 28) =      7.01852  eV     1   --> A_1  D_1  S_1  
     e( 29 - 29) =      7.40909  eV     1   --> B_2  D_4  S_4  
     e( 30 - 30) =      7.92211  eV     1   --> B_2  D_4  S_4  
     e( 31 - 31) =      8.42805  eV     1   --> A_1  D_1  S_1  
     e( 32 - 32) =      9.66730  eV     1   --> B_1  D_3  S_3  
     e( 33 - 33) =     10.18873  eV     1   --> B_2  D_4  S_4  
     e( 34 - 34) =     10.24652  eV     1   --> A_1  D_1  S_1  
     e( 35 - 35) =     10.92897  eV     1   --> B_2  D_4  S_4  
     e( 36 - 36) =     11.36144  eV     1   --> A_2  D_2  S_2  
     e( 37 - 37) =     11.71019  eV     1   --> A_1  D_1  S_1  
     e( 38 - 38) =     12.10270  eV     1   --> B_1  D_3  S_3  
     e( 39 - 39) =     12.44285  eV     1   --> A_1  D_1  S_1  
     e( 40 - 40) =     13.04242  eV     1   --> B_2  D_4  S_4  
     e( 41 - 41) =     13.54444  eV     1   --> B_2  D_4  S_4  
     e( 42 - 42) =     13.68353  eV     1   --> A_1  D_1  S_1  
     e( 43 - 43) =     14.05441  eV     1   --> A_2  D_2  S_2  
     e( 44 - 44) =     14.12992  eV     1   --> A_1  D_1  S_1  
     e( 45 - 45) =     14.70645  eV     1   --> B_2  D_4  S_4  
     e( 46 - 46) =     15.21582  eV     1   --> B_1  D_3  S_3  
     e( 47 - 47) =     15.86797  eV     1   --> A_1  D_1  S_1  
     e( 48 - 48) =     16.23335  eV     1   --> A_2  D_2  S_2  
     e( 49 - 49) =     16.24794  eV     1   --> B_2  D_4  S_4  
     e( 50 - 50) =     16.65916  eV     1   --> A_1  D_1  S_1  
     e( 51 - 51) =     16.83950  eV     1   --> B_2  D_4  S_4  
     e( 52 - 52) =     17.15440  eV     1   --> B_2  D_4  S_4  
     e( 53 - 53) =     17.64799  eV     1   --> A_1  D_1  S_1  
     e( 54 - 54) =     17.68710  eV     1   --> B_1  D_3  S_3  
     e( 55 - 55) =     18.34188  eV     1   --> A_2  D_2  S_2  
     e( 56 - 56) =     18.59543  eV     1   --> B_2  D_4  S_4  
     e( 57 - 57) =     18.82845  eV     1   --> A_1  D_1  S_1  
     e( 58 - 58) =     18.83543  eV     1   --> A_2  D_2  S_2  
     e( 59 - 59) =     19.31507  eV     1   --> B_2  D_4  S_4  
     e( 60 - 60) =     19.38757  eV     1   --> B_1  D_3  S_3  
     e( 61 - 61) =     20.35151  eV     1   --> A_1  D_1  S_1  
     e( 62 - 62) =     20.89706  eV     1   --> A_1  D_1  S_1  
     e( 63 - 63) =     20.99816  eV     1   --> B_2  D_4  S_4  
     e( 64 - 64) =     21.30575  eV     1   --> B_1  D_3  S_3  
     e( 65 - 65) =     21.67481  eV     1   --> B_2  D_4  S_4  
     e( 66 - 66) =     22.16776  eV     1   --> A_1  D_1  S_1  
     e( 67 - 67) =     22.20526  eV     1   --> A_2  D_2  S_2  
     e( 68 - 68) =     22.64163  eV     1   --> B_2  D_4  S_4  
     e( 69 - 69) =     23.19248  eV     1   --> A_1  D_1  S_1  
     e( 70 - 70) =     23.35119  eV     1   --> A_1  D_1  S_1  
     e( 71 - 71) =     24.12718  eV     1   --> B_2  D_4  S_4  
     e( 72 - 72) =     24.66589  eV     1   --> A_1  D_1  S_1  
     e( 73 - 73) =     25.32421  eV     1   --> B_2  D_4  S_4  
     e( 74 - 74) =     25.50908  eV     1   --> B_2  D_4  S_4  
     e( 75 - 75) =     25.63924  eV     1   --> B_1  D_3  S_3  
     e( 76 - 76) =     25.97087  eV     1   --> A_1  D_1  S_1  
     e( 77 - 77) =     26.51741  eV     1   --> A_2  D_2  S_2  
     e( 78 - 78) =     26.63397  eV     1   --> A_1  D_1  S_1  
     e( 79 - 79) =     26.86661  eV     1   --> A_2  D_2  S_2  
     e( 80 - 80) =     26.91459  eV     1   --> B_2  D_4  S_4  
     e( 81 - 81) =     27.36587  eV     1   --> B_2  D_4  S_4  
     e( 82 - 82) =     27.86103  eV     1   --> B_2  D_4  S_4  
     e( 83 - 83) =     27.89757  eV     1   --> A_1  D_1  S_1  
     e( 84 - 84) =     28.10598  eV     1   --> B_1  D_3  S_3  
     e( 85 - 85) =     29.22507  eV     1   --> A_1  D_1  S_1  
     e( 86 - 86) =     29.78453  eV     1   --> B_2  D_4  S_4  
     e( 87 - 87) =     30.16544  eV     1   --> B_1  D_3  S_3  
     e( 88 - 88) =     30.20111  eV     1   --> A_1  D_1  S_1  
     e( 89 - 89) =     30.49109  eV     1   --> A_2  D_2  S_2  
     e( 90 - 90) =     30.72206  eV     1   --> B_2  D_4  S_4  
     e( 91 - 91) =     30.99555  eV     1   --> B_2  D_4  S_4  
     e( 92 - 92) =     31.22892  eV     1   --> A_1  D_1  S_1  
     e( 93 - 93) =     32.23898  eV     1   --> A_2  D_2  S_2  
     e( 94 - 94) =     32.27903  eV     1   --> A_1  D_1  S_1  
     e( 95 - 95) =     32.52892  eV     1   --> B_1  D_3  S_3  
     e( 96 - 96) =     32.81849  eV     1   --> A_1  D_1  S_1  
     e( 97 - 97) =     32.98791  eV     1   --> B_2  D_4  S_4  
     e( 98 - 98) =     33.01362  eV     1   --> A_2  D_2  S_2  
     e( 99 - 99) =     33.35259  eV     1   --> A_1  D_1  S_1  
     e(100 -100) =     33.58042  eV     1   --> B_1  D_3  S_3  
     e(101 -101) =     33.74914  eV     1   --> B_2  D_4  S_4  
     e(102 -102) =     34.07580  eV     1   --> B_2  D_4  S_4  
     e(103 -103) =     35.01576  eV     1   --> B_1  D_3  S_3  
     e(104 -104) =     35.06430  eV     1   --> A_1  D_1  S_1  
     e(105 -105) =     35.11112  eV     1   --> B_2  D_4  S_4  
     e(106 -106) =     35.17529  eV     1   --> A_1  D_1  S_1  
     e(107 -107) =     35.34336  eV     1   --> A_1  D_1  S_1  
     e(108 -108) =     35.40370  eV     1   --> A_2  D_2  S_2  
     e(109 -109) =     35.86733  eV     1   --> A_2  D_2  S_2  
     e(110 -110) =     35.87364  eV     1   --> B_2  D_4  S_4  
     e(111 -111) =     36.26903  eV     1   --> B_2  D_4  S_4  
     e(112 -112) =     36.27512  eV     1   --> B_1  D_3  S_3  
     e(113 -113) =     36.51844  eV     1   --> A_1  D_1  S_1  
     e(114 -114) =     36.56146  eV     1   --> A_2  D_2  S_2  
     e(115 -115) =     36.79529  eV     1   --> B_2  D_4  S_4  
     e(116 -116) =     36.93883  eV     1   --> B_1  D_3  S_3  
     e(117 -117) =     37.44947  eV     1   --> A_1  D_1  S_1  
     e(118 -118) =     37.62214  eV     1   --> B_1  D_3  S_3  
     e(119 -119) =     37.91122  eV     1   --> B_2  D_4  S_4  
     e(120 -120) =     38.01670  eV     1   --> A_2  D_2  S_2  
     e(121 -121) =     38.09116  eV     1   --> A_1  D_1  S_1  
     e(122 -122) =     38.50874  eV     1   --> B_2  D_4  S_4  
     e(123 -123) =     38.61841  eV     1   --> A_2  D_2  S_2  
     e(124 -124) =     38.74804  eV     1   --> A_1  D_1  S_1  
     e(125 -125) =     39.08735  eV     1   --> B_1  D_3  S_3  
     e(126 -126) =     39.31519  eV     1   --> A_1  D_1  S_1  
     e(127 -127) =     39.84811  eV     1   --> B_2  D_4  S_4  
     e(128 -128) =     40.18419  eV     1   --> B_1  D_3  S_3  
     e(129 -129) =     40.24198  eV     1   --> A_2  D_2  S_2  
     e(130 -130) =     40.46562  eV     1   --> A_1  D_1  S_1  
     e(131 -131) =     40.70782  eV     1   --> B_2  D_4  S_4  
     e(132 -132) =     41.10342  eV     1   --> B_2  D_4  S_4  
     e(133 -133) =     41.27063  eV     1   --> A_1  D_1  S_1  
     e(134 -134) =     41.32514  eV     1   --> B_1  D_3  S_3  
     e(135 -135) =     41.45607  eV     1   --> A_2  D_2  S_2  
     e(136 -136) =     41.89225  eV     1   --> B_2  D_4  S_4  
     e(137 -137) =     42.04148  eV     1   --> A_1  D_1  S_1  
     e(138 -138) =     42.33454  eV     1   --> A_2  D_2  S_2  
     e(139 -139) =     42.43736  eV     1   --> B_2  D_4  S_4  
     e(140 -140) =     42.59994  eV     1   --> B_1  D_3  S_3  
     e(141 -141) =     43.16534  eV     1   --> A_1  D_1  S_1  
     e(142 -142) =     43.51688  eV     1   --> A_2  D_2  S_2  
     e(143 -143) =     43.70139  eV     1   --> B_2  D_4  S_4  
     e(144 -144) =     43.74467  eV     1   --> A_1  D_1  S_1  
     e(145 -145) =     44.05684  eV     1   --> B_2  D_4  S_4  
     e(146 -146) =     44.08230  eV     1   --> B_1  D_3  S_3  
     e(147 -147) =     44.51485  eV     1   --> A_1  D_1  S_1  
     e(148 -148) =     44.59325  eV     1   --> A_2  D_2  S_2  
     e(149 -149) =     45.01453  eV     1   --> B_1  D_3  S_3  
     e(150 -150) =     45.25728  eV     1   --> B_2  D_4  S_4  
     e(151 -151) =     45.49353  eV     1   --> A_1  D_1  S_1  
     e(152 -152) =     45.75299  eV     1   --> B_2  D_4  S_4  
     e(153 -153) =     45.93885  eV     1   --> B_2  D_4  S_4  
     e(154 -154) =     46.07608  eV     1   --> A_2  D_2  S_2  
     e(155 -155) =     46.13970  eV     1   --> A_1  D_1  S_1  
     e(156 -156) =     46.26474  eV     1   --> A_1  D_1  S_1  
     e(157 -157) =     46.40281  eV     1   --> A_1  D_1  S_1  
     e(158 -158) =     46.49311  eV     1   --> B_1  D_3  S_3  
     e(159 -159) =     46.56922  eV     1   --> B_2  D_4  S_4  
     e(160 -160) =     46.79575  eV     1   --> B_2  D_4  S_4  
     e(161 -161) =     47.29018  eV     1   --> A_1  D_1  S_1  
     e(162 -162) =     47.53887  eV     1   --> B_1  D_3  S_3  
     e(163 -163) =     47.65506  eV     1   --> B_2  D_4  S_4  
     e(164 -164) =     47.71024  eV     1   --> A_1  D_1  S_1  
     e(165 -165) =     48.22850  eV     1   --> B_2  D_4  S_4  
     e(166 -166) =     48.47638  eV     1   --> B_2  D_4  S_4  
     e(167 -167) =     48.53193  eV     1   --> A_1  D_1  S_1  
     e(168 -168) =     48.65101  eV     1   --> A_2  D_2  S_2  
     e(169 -169) =     48.92676  eV     1   --> B_1  D_3  S_3  
     e(170 -170) =     49.19825  eV     1   --> A_1  D_1  S_1  
     e(171 -171) =     49.29726  eV     1   --> A_1  D_1  S_1  
     e(172 -172) =     49.41967  eV     1   --> A_2  D_2  S_2  
     e(173 -173) =     49.59527  eV     1   --> A_2  D_2  S_2  
     e(174 -174) =     49.75224  eV     1   --> B_2  D_4  S_4  
     e(175 -175) =     49.90560  eV     1   --> B_2  D_4  S_4  
     e(176 -176) =     50.32694  eV     1   --> A_1  D_1  S_1  
     e(177 -177) =     50.80627  eV     1   --> B_1  D_3  S_3  
     e(178 -178) =     50.90753  eV     1   --> A_1  D_1  S_1  
     e(179 -179) =     50.95209  eV     1   --> B_1  D_3  S_3  
     e(180 -180) =     51.25516  eV     1   --> B_2  D_4  S_4  
     e(181 -181) =     51.40189  eV     1   --> A_1  D_1  S_1  
     e(182 -182) =     51.52998  eV     1   --> A_2  D_2  S_2  
     e(183 -183) =     51.95443  eV     1   --> B_2  D_4  S_4  
     e(184 -184) =     52.30769  eV     1   --> B_2  D_4  S_4  
     e(185 -185) =     52.31803  eV     1   --> B_1  D_3  S_3  
     e(186 -186) =     52.33928  eV     1   --> A_1  D_1  S_1  
     e(187 -187) =     52.83191  eV     1   --> A_1  D_1  S_1  
     e(188 -188) =     52.90804  eV     1   --> B_2  D_4  S_4  
     e(189 -189) =     52.97223  eV     1   --> A_2  D_2  S_2  
     e(190 -190) =     53.23830  eV     1   --> B_1  D_3  S_3  
     e(191 -191) =     53.37327  eV     1   --> A_1  D_1  S_1  
     e(192 -192) =     53.48478  eV     1   --> B_2  D_4  S_4  
     e(193 -193) =     53.99190  eV     1   --> B_2  D_4  S_4  
     e(194 -194) =     54.04006  eV     1   --> B_1  D_3  S_3  
     e(195 -195) =     54.12199  eV     1   --> A_2  D_2  S_2  
     e(196 -196) =     54.23728  eV     1   --> B_2  D_4  S_4  
     e(197 -197) =     54.26651  eV     1   --> A_1  D_1  S_1  
     e(198 -198) =     54.40110  eV     1   --> A_1  D_1  S_1  
     e(199 -199) =     55.03619  eV     1   --> A_1  D_1  S_1  
     e(200 -200) =     55.86838  eV     1   --> B_2  D_4  S_4  

 **************************************************************************

 **************************************************************************

                    xk=(   0.50000,   0.28868,   0.00000  )

     Band symmetry, C_2v (mm2)  point group:

     e(  1 -  1) =    -66.64208  eV     1   --> A_1  D_1  S_1  
     e(  2 -  2) =    -41.05662  eV     1   --> A_1  D_1  S_1  
     e(  3 -  3) =    -40.80424  eV     1   --> B_2  D_4  S_4  
     e(  4 -  4) =    -40.72767  eV     1   --> B_1  D_3  S_3  
     e(  5 -  5) =    -18.17064  eV     1   --> A_1  D_1  S_1  
     e(  6 -  6) =    -18.02833  eV     1   --> B_2  D_4  S_4  
     e(  7 -  7) =    -11.90655  eV     1   --> A_1  D_1  S_1  
     e(  8 -  8) =    -10.89853  eV     1   --> B_2  D_4  S_4  
     e(  9 -  9) =    -10.12521  eV     1   --> A_1  D_1  S_1  
     e( 10 - 10) =     -9.16998  eV     1   --> A_2  D_2  S_2  
     e( 11 - 11) =     -7.87238  eV     1   --> B_2  D_4  S_4  
     e( 12 - 12) =     -6.85669  eV     1   --> B_1  D_3  S_3  
     e( 13 - 13) =     -6.61916  eV     1   --> A_1  D_1  S_1  
     e( 14 - 14) =     -3.57470  eV     1   --> B_1  D_3  S_3  
     e( 15 - 15) =     -3.06461  eV     1   --> A_1  D_1  S_1  
     e( 16 - 16) =     -2.01921  eV     1   --> B_2  D_4  S_4  
     e( 17 - 17) =     -1.49547  eV     1   --> A_2  D_2  S_2  
     e( 18 - 18) =      0.20432  eV     1   --> A_1  D_1  S_1  
     e( 19 - 19) =      1.85925  eV     1   --> B_2  D_4  S_4  
     e( 20 - 20) =      2.33979  eV     1   --> A_1  D_1  S_1  
     e( 21 - 21) =      3.10627  eV     1   --> B_2  D_4  S_4  
     e( 22 - 22) =      3.78161  eV     1   --> A_1  D_1  S_1  
     e( 23 - 23) =      4.57919  eV     1   --> B_2  D_4  S_4  
     e( 24 - 24) =      5.16735  eV     1   --> A_1  D_1  S_1  
     e( 25 - 25) =      5.34714  eV     1   --> B_1  D_3  S_3  
     e( 26 - 26) =      5.68379  eV     1   --> A_1  D_1  S_1  
     e( 27 - 27) =      5.82109  eV     1   --> B_2  D_4  S_4  
     e( 28 - 28) =      7.01890  eV     1   --> B_2  D_4  S_4  
     e( 29 - 29) =      7.40862  eV     1   --> A_1  D_1  S_1  
     e( 30 - 30) =      7.92146  eV     1   --> A_1  D_1  S_1  
     e( 31 - 31) =      8.42903  eV     1   --> B_2  D_4  S_4  
     e( 32 - 32) =      9.66730  eV     1   --> A_2  D_2  S_2  
     e( 33 - 33) =     10.18668  eV     1   --> A_1  D_1  S_1  
     e( 34 - 34) =     10.24918  eV     1   --> B_2  D_4  S_4  
     e( 35 - 35) =     10.92589  eV     1   --> A_1  D_1  S_1  
     e( 36 - 36) =     11.36144  eV     1   --> B_1  D_3  S_3  
     e( 37 - 37) =     11.71367  eV     1   --> B_2  D_4  S_4  
     e( 38 - 38) =     12.10270  eV     1   --> A_2  D_2  S_2  
     e( 39 - 39) =     12.44658  eV     1   --> B_2  D_4  S_4  
     e( 40 - 40) =     13.03329  eV     1   --> A_1  D_1  S_1  
     e( 41 - 41) =     13.53469  eV     1   --> A_1  D_1  S_1  
     e( 42 - 42) =     13.69018  eV     1   --> B_2  D_4  S_4  
     e( 43 - 43) =     14.05441  eV     1   --> B_1  D_3  S_3  
     e( 44 - 44) =     14.14226  eV     1   --> B_2  D_4  S_4  
     e( 45 - 45) =     14.70552  eV     1   --> A_1  D_1  S_1  
     e( 46 - 46) =     15.21585  eV     1   --> A_2  D_2  S_2  
     e( 47 - 47) =     15.87491  eV     1   --> B_2  D_4  S_4  
     e( 48 - 48) =     16.23322  eV     1   --> B_1  D_3  S_3  
     e( 49 - 49) =     16.23451  eV     1   --> A_1  D_1  S_1  
     e( 50 - 50) =     16.74119  eV     1   --> B_2  D_4  S_4  
     e( 51 - 51) =     16.75975  eV     1   --> A_1  D_1  S_1  
     e( 52 - 52) =     17.08399  eV     1   --> A_1  D_1  S_1  
     e( 53 - 53) =     17.68769  eV     1   --> A_2  D_2  S_2  
     e( 54 - 54) =     17.73502  eV     1   --> B_2  D_4  S_4  
     e( 55 - 55) =     18.34166  eV     1   --> B_1  D_3  S_3  
     e( 56 - 56) =     18.56896  eV     1   --> A_1  D_1  S_1  
     e( 57 - 57) =     18.83465  eV     1   --> B_1  D_3  S_3  
     e( 58 - 58) =     18.91114  eV     1   --> B_2  D_4  S_4  
     e( 59 - 59) =     19.24649  eV     1   --> A_1  D_1  S_1  
     e( 60 - 60) =     19.38757  eV     1   --> A_2  D_2  S_2  
     e( 61 - 61) =     20.33721  eV     1   --> A_1  D_1  S_1  
     e( 62 - 62) =     20.77226  eV     1   --> A_1  D_1  S_1  
     e( 63 - 63) =     21.15429  eV     1   --> B_2  D_4  S_4  
     e( 64 - 64) =     21.31058  eV     1   --> A_2  D_2  S_2  
     e( 65 - 65) =     21.72091  eV     1   --> B_2  D_4  S_4  
     e( 66 - 66) =     22.19812  eV     1   --> B_1  D_3  S_3  
     e( 67 - 67) =     22.20742  eV     1   --> B_2  D_4  S_4  
     e( 68 - 68) =     22.38669  eV     1   --> A_1  D_1  S_1  
     e( 69 - 69) =     23.00154  eV     1   --> A_1  D_1  S_1  
     e( 70 - 70) =     23.97576  eV     1   --> A_1  D_1  S_1  
     e( 71 - 71) =     24.07840  eV     1   --> B_2  D_4  S_4  
     e( 72 - 72) =     24.62356  eV     1   --> B_2  D_4  S_4  
     e( 73 - 73) =     25.17948  eV     1   --> A_1  D_1  S_1  
     e( 74 - 74) =     25.36433  eV     1   --> B_2  D_4  S_4  
     e( 75 - 75) =     25.68284  eV     1   --> A_2  D_2  S_2  
     e( 76 - 76) =     25.89286  eV     1   --> A_1  D_1  S_1  
     e( 77 - 77) =     26.44919  eV     1   --> B_1  D_3  S_3  
     e( 78 - 78) =     26.86451  eV     1   --> B_1  D_3  S_3  
     e( 79 - 79) =     26.87450  eV     1   --> B_2  D_4  S_4  
     e( 80 - 80) =     27.00648  eV     1   --> B_2  D_4  S_4  
     e( 81 - 81) =     27.07049  eV     1   --> A_1  D_1  S_1  
     e( 82 - 82) =     27.49087  eV     1   --> A_1  D_1  S_1  
     e( 83 - 83) =     28.14347  eV     1   --> A_2  D_2  S_2  
     e( 84 - 84) =     28.81087  eV     1   --> A_1  D_1  S_1  
     e( 85 - 85) =     29.04360  eV     1   --> B_2  D_4  S_4  
     e( 86 - 86) =     29.72364  eV     1   --> A_1  D_1  S_1  
     e( 87 - 87) =     30.08093  eV     1   --> B_1  D_3  S_3  
     e( 88 - 88) =     30.24770  eV     1   --> B_2  D_4  S_4  
     e( 89 - 89) =     30.27104  eV     1   --> A_1  D_1  S_1  
     e( 90 - 90) =     30.76704  eV     1   --> A_2  D_2  S_2  
     e( 91 - 91) =     30.99679  eV     1   --> B_2  D_4  S_4  
     e( 92 - 92) =     31.60923  eV     1   --> B_1  D_3  S_3  
     e( 93 - 93) =     31.79512  eV     1   --> B_2  D_4  S_4  
     e( 94 - 94) =     31.92816  eV     1   --> A_1  D_1  S_1  
     e( 95 - 95) =     32.52573  eV     1   --> A_1  D_1  S_1  
     e( 96 - 96) =     32.84114  eV     1   --> B_2  D_4  S_4  
     e( 97 - 97) =     32.88618  eV     1   --> B_1  D_3  S_3  
     e( 98 - 98) =     32.94088  eV     1   --> A_2  D_2  S_2  
     e( 99 - 99) =     33.73546  eV     1   --> A_1  D_1  S_1  
     e(100 -100) =     33.95902  eV     1   --> B_2  D_4  S_4  
     e(101 -101) =     33.97284  eV     1   --> A_1  D_1  S_1  
     e(102 -102) =     34.19934  eV     1   --> B_1  D_3  S_3  
     e(103 -103) =     34.73876  eV     1   --> A_2  D_2  S_2  
     e(104 -104) =     34.94111  eV     1   --> B_2  D_4  S_4  
     e(105 -105) =     35.12518  eV     1   --> A_1  D_1  S_1  
     e(106 -106) =     35.19311  eV     1   --> A_2  D_2  S_2  
     e(107 -107) =     35.34576  eV     1   --> B_2  D_4  S_4  
     e(108 -108) =     35.55981  eV     1   --> A_1  D_1  S_1  
     e(109 -109) =     35.63568  eV     1   --> B_1  D_3  S_3  
     e(110 -110) =     35.77704  eV     1   --> B_2  D_4  S_4  
     e(111 -111) =     36.07379  eV     1   --> A_1  D_1  S_1  
     e(112 -112) =     36.27920  eV     1   --> B_1  D_3  S_3  
     e(113 -113) =     36.35897  eV     1   --> A_2  D_2  S_2  
     e(114 -114) =     36.70039  eV     1   --> B_2  D_4  S_4  
     e(115 -115) =     37.02822  eV     1   --> B_2  D_4  S_4  
     e(116 -116) =     37.28206  eV     1   --> A_2  D_2  S_2  
     e(117 -117) =     37.36639  eV     1   --> A_1  D_1  S_1  
     e(118 -118) =     37.67932  eV     1   --> B_2  D_4  S_4  
     e(119 -119) =     37.73284  eV     1   --> A_1  D_1  S_1  
     e(120 -120) =     37.97878  eV     1   --> B_1  D_3  S_3  
     e(121 -121) =     38.14732  eV     1   --> B_1  D_3  S_3  
     e(122 -122) =     38.31101  eV     1   --> A_2  D_2  S_2  
     e(123 -123) =     38.83555  eV     1   --> B_2  D_4  S_4  
     e(124 -124) =     38.86047  eV     1   --> A_1  D_1  S_1  
     e(125 -125) =     38.94884  eV     1   --> A_1  D_1  S_1  
     e(126 -126) =     39.08989  eV     1   --> A_2  D_2  S_2  
     e(127 -127) =     39.58674  eV     1   --> B_2  D_4  S_4  
     e(128 -128) =     39.86093  eV     1   --> B_1  D_3  S_3  
     e(129 -129) =     39.99780  eV     1   --> A_1  D_1  S_1  
     e(130 -130) =     40.65459  eV     1   --> A_2  D_2  S_2  
     e(131 -131) =     41.13367  eV     1   --> B_2  D_4  S_4  
     e(132 -132) =     41.16975  eV     1   --> B_1  D_3  S_3  
     e(133 -133) =     41.28146  eV     1   --> A_1  D_1  S_1  
     e(134 -134) =     41.46739  eV     1   --> B_1  D_3  S_3  
     e(135 -135) =     41.91035  eV     1   --> B_2  D_4  S_4  
     e(136 -136) =     42.07469  eV     1   --> A_1  D_1  S_1  
     e(137 -137) =     42.17711  eV     1   --> B_2  D_4  S_4  
     e(138 -138) =     42.19850  eV     1   --> A_2  D_2  S_2  
     e(139 -139) =     42.60460  eV     1   --> A_1  D_1  S_1  
     e(140 -140) =     42.61105  eV     1   --> A_2  D_2  S_2  
     e(141 -141) =     43.17239  eV     1   --> B_2  D_4  S_4  
     e(142 -142) =     43.33473  eV     1   --> B_1  D_3  S_3  
     e(143 -143) =     43.50218  eV     1   --> A_1  D_1  S_1  
     e(144 -144) =     43.73544  eV     1   --> B_2  D_4  S_4  
     e(145 -145) =     43.92018  eV     1   --> A_1  D_1  S_1  
     e(146 -146) =     44.06801  eV     1   --> B_2  D_4  S_4  
     e(147 -147) =     44.35564  eV     1   --> B_1  D_3  S_3  
     e(148 -148) =     44.61747  eV     1   --> A_2  D_2  S_2  
     e(149 -149) =     44.75360  eV     1   --> A_1  D_1  S_1  
     e(150 -150) =     45.09848  eV     1   --> A_2  D_2  S_2  
     e(151 -151) =     45.40946  eV     1   --> A_1  D_1  S_1  
     e(152 -152) =     45.60626  eV     1   --> B_2  D_4  S_4  
     e(153 -153) =     45.70631  eV     1   --> A_1  D_1  S_1  
     e(154 -154) =     45.95095  eV     1   --> B_1  D_3  S_3  
     e(155 -155) =     46.08794  eV     1   --> B_2  D_4  S_4  
     e(156 -156) =     46.39964  eV     1   --> B_2  D_4  S_4  
     e(157 -157) =     46.51340  eV     1   --> A_1  D_1  S_1  
     e(158 -158) =     46.80481  eV     1   --> A_1  D_1  S_1  
     e(159 -159) =     46.93561  eV     1   --> B_2  D_4  S_4  
     e(160 -160) =     47.03143  eV     1   --> B_1  D_3  S_3  
     e(161 -161) =     47.18699  eV     1   --> A_2  D_2  S_2  
     e(162 -162) =     47.22578  eV     1   --> A_1  D_1  S_1  
     e(163 -163) =     47.61555  eV     1   --> A_1  D_1  S_1  
     e(164 -164) =     47.80945  eV     1   --> B_2  D_4  S_4  
     e(165 -165) =     48.14653  eV     1   --> B_2  D_4  S_4  
     e(166 -166) =     48.51534  eV     1   --> B_1  D_3  S_3  
     e(167 -167) =     48.65545  eV     1   --> A_2  D_2  S_2  
     e(168 -168) =     48.99426  eV     1   --> B_2  D_4  S_4  
     e(169 -169) =     49.02920  eV     1   --> A_1  D_1  S_1  
     e(170 -170) =     49.37096  eV     1   --> B_1  D_3  S_3  
     e(171 -171) =     49.48228  eV     1   --> A_2  D_2  S_2  
     e(172 -172) =     49.52138  eV     1   --> B_2  D_4  S_4  
     e(173 -173) =     49.65034  eV     1   --> A_1  D_1  S_1  
     e(174 -174) =     49.79188  eV     1   --> B_2  D_4  S_4  
     e(175 -175) =     49.79347  eV     1   --> A_1  D_1  S_1  
     e(176 -176) =     49.87755  eV     1   --> A_1  D_1  S_1  
     e(177 -177) =     50.95052  eV     1   --> A_1  D_1  S_1  
     e(178 -178) =     50.98514  eV     1   --> B_1  D_3  S_3  
     e(179 -179) =     51.07785  eV     1   --> B_2  D_4  S_4  
     e(180 -180) =     51.20228  eV     1   --> B_2  D_4  S_4  
     e(181 -181) =     51.39139  eV     1   --> A_2  D_2  S_2  
     e(182 -182) =     51.56347  eV     1   --> A_1  D_1  S_1  
     e(183 -183) =     51.73765  eV     1   --> A_2  D_2  S_2  
     e(184 -184) =     51.73972  eV     1   --> B_1  D_3  S_3  
     e(185 -185) =     51.90245  eV     1   --> A_1  D_1  S_1  
     e(186 -186) =     52.31722  eV     1   --> B_2  D_4  S_4  
     e(187 -187) =     52.47759  eV     1   --> B_2  D_4  S_4  
     e(188 -188) =     52.93386  eV     1   --> A_1  D_1  S_1  
     e(189 -189) =     52.95938  eV     1   --> B_1  D_3  S_3  
     e(190 -190) =     53.03526  eV     1   --> B_2  D_4  S_4  
     e(191 -191) =     53.36671  eV     1   --> B_1  D_3  S_3  
     e(192 -192) =     53.56648  eV     1   --> A_1  D_1  S_1  
     e(193 -193) =     54.04685  eV     1   --> A_1  D_1  S_1  
     e(194 -194) =     54.38909  eV     1   --> B_2  D_4  S_4  
     e(195 -195) =     54.75085  eV     1   --> A_2  D_2  S_2  
     e(196 -196) =     54.79872  eV     1   --> A_1  D_1  S_1  
     e(197 -197) =     54.91707  eV     1   --> B_2  D_4  S_4  
     e(198 -198) =     55.00396  eV     1   --> B_1  D_3  S_3  
     e(199 -199) =     55.04890  eV     1   --> A_1  D_1  S_1  
     e(200 -200) =     55.05471  eV     1   --> A_2  D_2  S_2  

 **************************************************************************

 **************************************************************************

                    xk=(  -0.50000,  -0.28868,   0.00000  )

     Band symmetry, C_2v (mm2)  point group:

     e(  1 -  1) =    -66.64208  eV     1   --> A_1  D_1  S_1  
     e(  2 -  2) =    -41.05662  eV     1   --> A_1  D_1  S_1  
     e(  3 -  3) =    -40.80424  eV     1   --> B_2  D_4  S_4  
     e(  4 -  4) =    -40.72767  eV     1   --> B_1  D_3  S_3  
     e(  5 -  5) =    -18.17064  eV     1   --> A_1  D_1  S_1  
     e(  6 -  6) =    -18.02833  eV     1   --> B_2  D_4  S_4  
     e(  7 -  7) =    -11.90655  eV     1   --> A_1  D_1  S_1  
     e(  8 -  8) =    -10.89853  eV     1   --> B_2  D_4  S_4  
     e(  9 -  9) =    -10.12521  eV     1   --> A_1  D_1  S_1  
     e( 10 - 10) =     -9.16998  eV     1   --> A_2  D_2  S_2  
     e( 11 - 11) =     -7.87238  eV     1   --> B_2  D_4  S_4  
     e( 12 - 12) =     -6.85669  eV     1   --> B_1  D_3  S_3  
     e( 13 - 13) =     -6.61916  eV     1   --> A_1  D_1  S_1  
     e( 14 - 14) =     -3.57470  eV     1   --> B_1  D_3  S_3  
     e( 15 - 15) =     -3.06461  eV     1   --> A_1  D_1  S_1  
     e( 16 - 16) =     -2.01921  eV     1   --> B_2  D_4  S_4  
     e( 17 - 17) =     -1.49547  eV     1   --> A_2  D_2  S_2  
     e( 18 - 18) =      0.20432  eV     1   --> A_1  D_1  S_1  
     e( 19 - 19) =      1.85925  eV     1   --> B_2  D_4  S_4  
     e( 20 - 20) =      2.33979  eV     1   --> A_1  D_1  S_1  
     e( 21 - 21) =      3.10627  eV     1   --> B_2  D_4  S_4  
     e( 22 - 22) =      3.78161  eV     1   --> A_1  D_1  S_1  
     e( 23 - 23) =      4.57919  eV     1   --> B_2  D_4  S_4  
     e( 24 - 24) =      5.16735  eV     1   --> A_1  D_1  S_1  
     e( 25 - 25) =      5.34714  eV     1   --> B_1  D_3  S_3  
     e( 26 - 26) =      5.68379  eV     1   --> A_1  D_1  S_1  
     e( 27 - 27) =      5.82109  eV     1   --> B_2  D_4  S_4  
     e( 28 - 28) =      7.01890  eV     1   --> B_2  D_4  S_4  
     e( 29 - 29) =      7.40862  eV     1   --> A_1  D_1  S_1  
     e( 30 - 30) =      7.92146  eV     1   --> A_1  D_1  S_1  
     e( 31 - 31) =      8.42903  eV     1   --> B_2  D_4  S_4  
     e( 32 - 32) =      9.66730  eV     1   --> A_2  D_2  S_2  
     e( 33 - 33) =     10.18668  eV     1   --> A_1  D_1  S_1  
     e( 34 - 34) =     10.24918  eV     1   --> B_2  D_4  S_4  
     e( 35 - 35) =     10.92589  eV     1   --> A_1  D_1  S_1  
     e( 36 - 36) =     11.36144  eV     1   --> B_1  D_3  S_3  
     e( 37 - 37) =     11.71367  eV     1   --> B_2  D_4  S_4  
     e( 38 - 38) =     12.10270  eV     1   --> A_2  D_2  S_2  
     e( 39 - 39) =     12.44658  eV     1   --> B_2  D_4  S_4  
     e( 40 - 40) =     13.03329  eV     1   --> A_1  D_1  S_1  
     e( 41 - 41) =     13.53469  eV     1   --> A_1  D_1  S_1  
     e( 42 - 42) =     13.69018  eV     1   --> B_2  D_4  S_4  
     e( 43 - 43) =     14.05441  eV     1   --> B_1  D_3  S_3  
     e( 44 - 44) =     14.14226  eV     1   --> B_2  D_4  S_4  
     e( 45 - 45) =     14.70552  eV     1   --> A_1  D_1  S_1  
     e( 46 - 46) =     15.21585  eV     1   --> A_2  D_2  S_2  
     e( 47 - 47) =     15.87491  eV     1   --> B_2  D_4  S_4  
     e( 48 - 48) =     16.23322  eV     1   --> B_1  D_3  S_3  
     e( 49 - 49) =     16.23451  eV     1   --> A_1  D_1  S_1  
     e( 50 - 50) =     16.74119  eV     1   --> B_2  D_4  S_4  
     e( 51 - 51) =     16.75975  eV     1   --> A_1  D_1  S_1  
     e( 52 - 52) =     17.08399  eV     1   --> A_1  D_1  S_1  
     e( 53 - 53) =     17.68769  eV     1   --> A_2  D_2  S_2  
     e( 54 - 54) =     17.73502  eV     1   --> B_2  D_4  S_4  
     e( 55 - 55) =     18.34166  eV     1   --> B_1  D_3  S_3  
     e( 56 - 56) =     18.56896  eV     1   --> A_1  D_1  S_1  
     e( 57 - 57) =     18.83465  eV     1   --> B_1  D_3  S_3  
     e( 58 - 58) =     18.91114  eV     1   --> B_2  D_4  S_4  
     e( 59 - 59) =     19.24649  eV     1   --> A_1  D_1  S_1  
     e( 60 - 60) =     19.38757  eV     1   --> A_2  D_2  S_2  
     e( 61 - 61) =     20.33721  eV     1   --> A_1  D_1  S_1  
     e( 62 - 62) =     20.77226  eV     1   --> A_1  D_1  S_1  
     e( 63 - 63) =     21.15429  eV     1   --> B_2  D_4  S_4  
     e( 64 - 64) =     21.31058  eV     1   --> A_2  D_2  S_2  
     e( 65 - 65) =     21.72091  eV     1   --> B_2  D_4  S_4  
     e( 66 - 66) =     22.19812  eV     1   --> B_1  D_3  S_3  
     e( 67 - 67) =     22.20742  eV     1   --> B_2  D_4  S_4  
     e( 68 - 68) =     22.38669  eV     1   --> A_1  D_1  S_1  
     e( 69 - 69) =     23.00154  eV     1   --> A_1  D_1  S_1  
     e( 70 - 70) =     23.97576  eV     1   --> A_1  D_1  S_1  
     e( 71 - 71) =     24.07840  eV     1   --> B_2  D_4  S_4  
     e( 72 - 72) =     24.62356  eV     1   --> B_2  D_4  S_4  
     e( 73 - 73) =     25.17948  eV     1   --> A_1  D_1  S_1  
     e( 74 - 74) =     25.36433  eV     1   --> B_2  D_4  S_4  
     e( 75 - 75) =     25.68284  eV     1   --> A_2  D_2  S_2  
     e( 76 - 76) =     25.89286  eV     1   --> A_1  D_1  S_1  
     e( 77 - 77) =     26.44919  eV     1   --> B_1  D_3  S_3  
     e( 78 - 78) =     26.86451  eV     1   --> B_1  D_3  S_3  
     e( 79 - 79) =     26.87450  eV     1   --> B_2  D_4  S_4  
     e( 80 - 80) =     27.00648  eV     1   --> B_2  D_4  S_4  
     e( 81 - 81) =     27.07049  eV     1   --> A_1  D_1  S_1  
     e( 82 - 82) =     27.49087  eV     1   --> A_1  D_1  S_1  
     e( 83 - 83) =     28.14347  eV     1   --> A_2  D_2  S_2  
     e( 84 - 84) =     28.81087  eV     1   --> A_1  D_1  S_1  
     e( 85 - 85) =     29.04360  eV     1   --> B_2  D_4  S_4  
     e( 86 - 86) =     29.72364  eV     1   --> A_1  D_1  S_1  
     e( 87 - 87) =     30.08093  eV     1   --> B_1  D_3  S_3  
     e( 88 - 88) =     30.24770  eV     1   --> B_2  D_4  S_4  
     e( 89 - 89) =     30.27104  eV     1   --> A_1  D_1  S_1  
     e( 90 - 90) =     30.76704  eV     1   --> A_2  D_2  S_2  
     e( 91 - 91) =     30.99679  eV     1   --> B_2  D_4  S_4  
     e( 92 - 92) =     31.60923  eV     1   --> B_1  D_3  S_3  
     e( 93 - 93) =     31.79512  eV     1   --> B_2  D_4  S_4  
     e( 94 - 94) =     31.92816  eV     1   --> A_1  D_1  S_1  
     e( 95 - 95) =     32.52573  eV     1   --> A_1  D_1  S_1  
     e( 96 - 96) =     32.84114  eV     1   --> B_2  D_4  S_4  
     e( 97 - 97) =     32.88618  eV     1   --> B_1  D_3  S_3  
     e( 98 - 98) =     32.94088  eV     1   --> A_2  D_2  S_2  
     e( 99 - 99) =     33.73546  eV     1   --> A_1  D_1  S_1  
     e(100 -100) =     33.95902  eV     1   --> B_2  D_4  S_4  
     e(101 -101) =     33.97284  eV     1   --> A_1  D_1  S_1  
     e(102 -102) =     34.19934  eV     1   --> B_1  D_3  S_3  
     e(103 -103) =     34.73876  eV     1   --> A_2  D_2  S_2  
     e(104 -104) =     34.94111  eV     1   --> B_2  D_4  S_4  
     e(105 -105) =     35.12518  eV     1   --> A_1  D_1  S_1  
     e(106 -106) =     35.19311  eV     1   --> A_2  D_2  S_2  
     e(107 -107) =     35.34576  eV     1   --> B_2  D_4  S_4  
     e(108 -108) =     35.55981  eV     1   --> A_1  D_1  S_1  
     e(109 -109) =     35.63568  eV     1   --> B_1  D_3  S_3  
     e(110 -110) =     35.77704  eV     1   --> B_2  D_4  S_4  
     e(111 -111) =     36.07379  eV     1   --> A_1  D_1  S_1  
     e(112 -112) =     36.27920  eV     1   --> B_1  D_3  S_3  
     e(113 -113) =     36.35897  eV     1   --> A_2  D_2  S_2  
     e(114 -114) =     36.70039  eV     1   --> B_2  D_4  S_4  
     e(115 -115) =     37.02822  eV     1   --> B_2  D_4  S_4  
     e(116 -116) =     37.28206  eV     1   --> A_2  D_2  S_2  
     e(117 -117) =     37.36639  eV     1   --> A_1  D_1  S_1  
     e(118 -118) =     37.67932  eV     1   --> B_2  D_4  S_4  
     e(119 -119) =     37.73284  eV     1   --> A_1  D_1  S_1  
     e(120 -120) =     37.97878  eV     1   --> B_1  D_3  S_3  
     e(121 -121) =     38.14732  eV     1   --> B_1  D_3  S_3  
     e(122 -122) =     38.31101  eV     1   --> A_2  D_2  S_2  
     e(123 -123) =     38.83555  eV     1   --> B_2  D_4  S_4  
     e(124 -124) =     38.86047  eV     1   --> A_1  D_1  S_1  
     e(125 -125) =     38.94884  eV     1   --> A_1  D_1  S_1  
     e(126 -126) =     39.08989  eV     1   --> A_2  D_2  S_2  
     e(127 -127) =     39.58674  eV     1   --> B_2  D_4  S_4  
     e(128 -128) =     39.86093  eV     1   --> B_1  D_3  S_3  
     e(129 -129) =     39.99780  eV     1   --> A_1  D_1  S_1  
     e(130 -130) =     40.65459  eV     1   --> A_2  D_2  S_2  
     e(131 -131) =     41.13367  eV     1   --> B_2  D_4  S_4  
     e(132 -132) =     41.16975  eV     1   --> B_1  D_3  S_3  
     e(133 -133) =     41.28146  eV     1   --> A_1  D_1  S_1  
     e(134 -134) =     41.46739  eV     1   --> B_1  D_3  S_3  
     e(135 -135) =     41.91035  eV     1   --> B_2  D_4  S_4  
     e(136 -136) =     42.07469  eV     1   --> A_1  D_1  S_1  
     e(137 -137) =     42.17711  eV     1   --> B_2  D_4  S_4  
     e(138 -138) =     42.19850  eV     1   --> A_2  D_2  S_2  
     e(139 -139) =     42.60460  eV     1   --> A_1  D_1  S_1  
     e(140 -140) =     42.61105  eV     1   --> A_2  D_2  S_2  
     e(141 -141) =     43.17239  eV     1   --> B_2  D_4  S_4  
     e(142 -142) =     43.33473  eV     1   --> B_1  D_3  S_3  
     e(143 -143) =     43.50218  eV     1   --> A_1  D_1  S_1  
     e(144 -144) =     43.73544  eV     1   --> B_2  D_4  S_4  
     e(145 -145) =     43.92018  eV     1   --> A_1  D_1  S_1  
     e(146 -146) =     44.06801  eV     1   --> B_2  D_4  S_4  
     e(147 -147) =     44.35564  eV     1   --> B_1  D_3  S_3  
     e(148 -148) =     44.61747  eV     1   --> A_2  D_2  S_2  
     e(149 -149) =     44.75360  eV     1   --> A_1  D_1  S_1  
     e(150 -150) =     45.09848  eV     1   --> A_2  D_2  S_2  
     e(151 -151) =     45.40946  eV     1   --> A_1  D_1  S_1  
     e(152 -152) =     45.60626  eV     1   --> B_2  D_4  S_4  
     e(153 -153) =     45.70631  eV     1   --> A_1  D_1  S_1  
     e(154 -154) =     45.95095  eV     1   --> B_1  D_3  S_3  
     e(155 -155) =     46.08794  eV     1   --> B_2  D_4  S_4  
     e(156 -156) =     46.39964  eV     1   --> B_2  D_4  S_4  
     e(157 -157) =     46.51340  eV     1   --> A_1  D_1  S_1  
     e(158 -158) =     46.80481  eV     1   --> A_1  D_1  S_1  
     e(159 -159) =     46.93561  eV     1   --> B_2  D_4  S_4  
     e(160 -160) =     47.03143  eV     1   --> B_1  D_3  S_3  
     e(161 -161) =     47.18699  eV     1   --> A_2  D_2  S_2  
     e(162 -162) =     47.22578  eV     1   --> A_1  D_1  S_1  
     e(163 -163) =     47.61555  eV     1   --> A_1  D_1  S_1  
     e(164 -164) =     47.80945  eV     1   --> B_2  D_4  S_4  
     e(165 -165) =     48.14653  eV     1   --> B_2  D_4  S_4  
     e(166 -166) =     48.51534  eV     1   --> B_1  D_3  S_3  
     e(167 -167) =     48.65545  eV     1   --> A_2  D_2  S_2  
     e(168 -168) =     48.99426  eV     1   --> B_2  D_4  S_4  
     e(169 -169) =     49.02920  eV     1   --> A_1  D_1  S_1  
     e(170 -170) =     49.37096  eV     1   --> B_1  D_3  S_3  
     e(171 -171) =     49.48228  eV     1   --> A_2  D_2  S_2  
     e(172 -172) =     49.52138  eV     1   --> B_2  D_4  S_4  
     e(173 -173) =     49.65034  eV     1   --> A_1  D_1  S_1  
     e(174 -174) =     49.79188  eV     1   --> B_2  D_4  S_4  
     e(175 -175) =     49.79347  eV     1   --> A_1  D_1  S_1  
     e(176 -176) =     49.87755  eV     1   --> A_1  D_1  S_1  
     e(177 -177) =     50.95052  eV     1   --> A_1  D_1  S_1  
     e(178 -178) =     50.98514  eV     1   --> B_1  D_3  S_3  
     e(179 -179) =     51.07785  eV     1   --> B_2  D_4  S_4  
     e(180 -180) =     51.20228  eV     1   --> B_2  D_4  S_4  
     e(181 -181) =     51.39139  eV     1   --> A_2  D_2  S_2  
     e(182 -182) =     51.56347  eV     1   --> A_1  D_1  S_1  
     e(183 -183) =     51.73765  eV     1   --> A_2  D_2  S_2  
     e(184 -184) =     51.73972  eV     1   --> B_1  D_3  S_3  
     e(185 -185) =     51.90245  eV     1   --> A_1  D_1  S_1  
     e(186 -186) =     52.31722  eV     1   --> B_2  D_4  S_4  
     e(187 -187) =     52.47759  eV     1   --> B_2  D_4  S_4  
     e(188 -188) =     52.93386  eV     1   --> A_1  D_1  S_1  
     e(189 -189) =     52.95938  eV     1   --> B_1  D_3  S_3  
     e(190 -190) =     53.03526  eV     1   --> B_2  D_4  S_4  
     e(191 -191) =     53.36671  eV     1   --> B_1  D_3  S_3  
     e(192 -192) =     53.56648  eV     1   --> A_1  D_1  S_1  
     e(193 -193) =     54.04685  eV     1   --> A_1  D_1  S_1  
     e(194 -194) =     54.38909  eV     1   --> B_2  D_4  S_4  
     e(195 -195) =     54.75085  eV     1   --> A_2  D_2  S_2  
     e(196 -196) =     54.79872  eV     1   --> A_1  D_1  S_1  
     e(197 -197) =     54.91707  eV     1   --> B_2  D_4  S_4  
     e(198 -198) =     55.00396  eV     1   --> B_1  D_3  S_3  
     e(199 -199) =     55.04890  eV     1   --> A_1  D_1  S_1  
     e(200 -200) =     55.05471  eV     1   --> A_2  D_2  S_2  

 **************************************************************************

     BANDS        :     17.08s CPU     19.35s WALL


   This run was terminated on:  10:57:56  19Mar2026            

=------------------------------------------------------------------------------=
   JOB DONE.
=------------------------------------------------------------------------------=
