
     Program BANDS v.7.5 starts on 13Mar2026 at 10: 7:40 
        Git branch: HEAD
        Last git commit: 770a0b2d12928a67048e2f3da8d10d057e52179e
        Last git commit date: Tue Aug 19 09:57:12 2025 +0000
        Last git commit subject: Merge branch 'QE-7.5-RC' into 'master'

     This program is part of the open-source Quantum ESPRESSO suite
     for quantum simulation of materials; please cite
         "P. Giannozzi et al., J. Phys.:Condens. Matter 21 395502 (2009);
         "P. Giannozzi et al., J. Phys.:Condens. Matter 29 465901 (2017);
         "P. Giannozzi et al., J. Chem. Phys. 152 154105 (2020);
          URL http://www.quantum-espresso.org", 
     in publications or presentations arising from this work. More details at
     http://www.quantum-espresso.org/quote

     Parallel version (MPI), running on    64 processors

     MPI processes distributed on     4 nodes
     K-points division:     npool     =       8
     R & G space division:  proc/nbgrp/npool/nimage =       8
     244971 MiB available memory on the printing compute node when the environment starts


     Reading xml data from directory:

     ./tmp/MoS2.save/

     IMPORTANT: XC functional enforced from input :
     Exchange-correlation= PBESOL
                           (   1   4  10   8   0   0   0)
     Any further DFT definition will be discarded
     Please, verify this is what you really want


     Parallelization info
     --------------------
     sticks:   dense  smooth     PW     G-vecs:    dense   smooth      PW
     Min          96      96     27                14728    14728    2301
     Max          97      97     28                14755    14755    2318
     Sum         769     769    223               117923   117923   18465

     Using Slab Decomposition

 ----2D----2D----2D----2D----2D----2D----2D----2D----2D----2D----2D----2D
  The code is running with the 2D cutoff
  Please refer to:
  Sohier, T., Calandra, M., & Mauri, F. (2017), 
  Density functional perturbation theory for gated two-dimensional heterostructures:
  Theoretical developments and application to flexural phonons in graphene.
  Physical Review B, 96(7), 75448. https://doi.org/10.1103/PhysRevB.96.075448
 ----2D----2D----2D----2D----2D----2D----2D----2D----2D----2D----2D----2D
     Reading collected, re-writing distributed wavefunctions
     high-symmetry point:  0.0000 0.0000 0.0742   x coordinate   0.0000
     high-symmetry point: -0.0000 0.0000-0.0742   x coordinate   0.1484
     high-symmetry point:  0.0000 0.0000 0.0000   x coordinate   0.2226
     high-symmetry point:  0.3333 0.5774 0.0742   x coordinate   0.2226
     high-symmetry point: -0.3333-0.5774-0.0742   x coordinate   0.2226
     high-symmetry point:  0.3333 0.5774-0.0742   x coordinate   0.2226
     high-symmetry point: -0.3333-0.5774 0.0742   x coordinate   0.2226
     high-symmetry point:  0.3333 0.5774 0.0000   x coordinate   0.2226
     high-symmetry point: -0.3333-0.5774 0.0000   x coordinate   0.2226
     high-symmetry point:  0.5000 0.2887 0.0742   x coordinate   0.2226
     high-symmetry point: -0.5000-0.2887-0.0742   x coordinate   0.2226
     high-symmetry point:  0.5000 0.2887 0.0000   x coordinate   0.2226
     high-symmetry point: -0.5000-0.2887 0.0000   x coordinate   0.2226

     Plottable bands (eV) written to file MoS2.bands.dat.gnu
     Bands written to file MoS2.bands.dat

 **************************************************************************

                    xk=(   0.00000,   0.00000,   0.07420  )

     point group D_3h (-62m)
     there are  6 classes
     the character table:

       E     2C3   3C2   s_h   2S3   3s_v 
A'_1   1.00  1.00  1.00  1.00  1.00  1.00
A'_2   1.00  1.00 -1.00  1.00  1.00 -1.00
E'     2.00 -1.00  0.00  2.00 -1.00  0.00
A''1   1.00  1.00  1.00 -1.00 -1.00 -1.00
A''2   1.00  1.00 -1.00 -1.00 -1.00  1.00
E''    2.00 -1.00  0.00 -2.00  1.00  0.00

     the symmetry operations in each class and the name of the first element:

     E        1
                                                                 
     2C3      3    4
                                                                 
     3C2      2    6    5
                                                                 
     s_h      7
                                                                 
     2S3      9   10
                                                                 
     3s_v     8   11   12
                                                                 

     Band symmetry, D_3h (-62m) point group:

     e(  1 -  1) =    -66.68089  eV     1   --> A''2           
     e(  2 -  2) =    -40.88860  eV     1   --> A'_1           
     e(  3 -  4) =    -40.62167  eV     2   --> E''            
     e(  5 -  5) =    -20.19277  eV     1   --> A''2           
     e(  6 -  6) =    -18.82753  eV     1   --> A'_1           
     e(  7 -  7) =    -11.73961  eV     1   --> A''2           
     e(  8 -  9) =     -8.58762  eV     2   --> E''            
     e( 10 - 10) =     -7.80806  eV     1   --> A'_1           
     e( 11 - 12) =     -7.42826  eV     2   --> E'             
     e( 13 - 13) =     -6.03323  eV     1   --> A''2           
     e( 14 - 15) =     -3.06889  eV     2   --> E'             
     e( 16 - 17) =     -2.79264  eV     2   --> E''            
     e( 18 - 18) =     -0.33405  eV     1   --> A''2           
     e( 19 - 19) =     -0.15892  eV     1   --> A'_1           
     e( 20 - 20) =      0.47029  eV     1   --> A''2           
     e( 21 - 21) =      2.18659  eV     1   --> A''2           
     e( 22 - 22) =      2.34079  eV     1   --> A'_1           
     e( 23 - 23) =      3.15764  eV     1   --> A'_1           
     e( 24 - 25) =      4.85774  eV     2   --> E''            
     e( 26 - 26) =      5.35128  eV     1   --> A''2           
     e( 27 - 27) =      5.99598  eV     1   --> A'_1           
     e( 28 - 29) =      6.87824  eV     2   --> E'             
     e( 30 - 30) =      7.18382  eV     1   --> A''2           
     e( 31 - 31) =      9.48546  eV     1   --> A''2           
     e( 32 - 32) =     10.10415  eV     1   --> A'_1           
     e( 33 - 34) =     10.20293  eV     2   --> E'             
     e( 35 - 36) =     10.53334  eV     2   --> E''            
     e( 37 - 37) =     10.60302  eV     1   --> A'_1           
     e( 38 - 38) =     12.41477  eV     1   --> A''2           
     e( 39 - 39) =     13.97276  eV     1   --> A'_1           
     e( 40 - 40) =     14.43242  eV     1   --> A''2           
     e( 41 - 41) =     14.69911  eV     1   --> A'_1           
     e( 42 - 43) =     17.28415  eV     2   --> E''            
     e( 44 - 44) =     17.29067  eV     1   --> A''2           
     e( 45 - 45) =     17.65179  eV     1   --> A'_1           
     e( 46 - 47) =     18.90293  eV     2   --> E'             
     e( 48 - 48) =     19.37896  eV     1   --> A'_1           
     e( 49 - 49) =     19.51353  eV     1   --> A''2           
     e( 50 - 51) =     19.61705  eV     2   --> E''            
     e( 52 - 53) =     19.76811  eV     2   --> E'             
     e( 54 - 54) =     19.97712  eV     1   --> A''2           
     e( 55 - 55) =     20.31506  eV     1   --> A'_1           
     e( 56 - 57) =     20.61915  eV     2   --> E''            
     e( 58 - 58) =     20.93607  eV     1   --> A''2           
     e( 59 - 60) =     21.53912  eV     2   --> E'             
     e( 61 - 61) =     21.73416  eV     1   --> A'_1           
     e( 62 - 63) =     21.96454  eV     2   --> E''            
     e( 64 - 64) =     22.14996  eV     1   --> A''2           
     e( 65 - 66) =     22.27535  eV     2   --> E'             
     e( 67 - 67) =     22.39305  eV     1   --> A'_1           
     e( 68 - 68) =     22.49838  eV     1   --> A''2           
     e( 69 - 70) =     22.72704  eV     2   --> E''            
     e( 71 - 71) =     22.97238  eV     1   --> A'_1           
     e( 72 - 72) =     24.38765  eV     1   --> A''2           
     e( 73 - 74) =     24.45352  eV     2   --> E'             
     e( 75 - 76) =     24.46272  eV     2   --> E''            
     e( 77 - 77) =     24.75755  eV     1   --> A'_1           
     e( 78 - 78) =     25.30799  eV     1   --> A''2           
     e( 79 - 80) =     25.56852  eV     2   --> E''            
     e( 81 - 82) =     25.68982  eV     2   --> E'             
     e( 83 - 83) =     26.38637  eV     1   --> A''2           
     e( 84 - 84) =     26.73456  eV     1   --> A'_1           
     e( 85 - 86) =     27.35310  eV     2   --> E''            
     e( 87 - 88) =     27.85406  eV     2   --> E'             
     e( 89 - 89) =     28.02908  eV     1   --> A'_1           
     e( 90 - 90) =     28.17449  eV     1   --> A''2           
     e( 91 - 91) =     28.78465  eV     1   --> A'_1           
     e( 92 - 93) =     29.03554  eV     2   --> E''            
     e( 94 - 94) =     29.31939  eV     1   --> A''2           
     e( 95 - 96) =     29.65072  eV     2   --> E'             
     e( 97 - 98) =     30.94371  eV     2   --> E''            
     e( 99 - 99) =     30.96109  eV     1   --> A'_1           
     e(100 -100) =     30.97840  eV     1   --> A''2           
     e(101 -102) =     31.43465  eV     2   --> E'             
     e(103 -104) =     31.68754  eV     2   --> E''            
     e(105 -105) =     31.78888  eV     1   --> A''1           
     e(106 -106) =     32.60602  eV     1   --> A''2           
     e(107 -107) =     32.99878  eV     1   --> A'_1           
     e(108 -109) =     33.68334  eV     2   --> E'             
     e(110 -110) =     34.05761  eV     1   --> A'_1           
     e(111 -111) =     34.13986  eV     1   --> A''2           
     e(112 -113) =     34.17611  eV     2   --> E''            
     e(114 -114) =     34.81261  eV     1   --> A'_1           
     e(115 -116) =     35.09647  eV     2   --> E'             
     e(117 -117) =     36.19612  eV     1   --> A''2           
     e(118 -119) =     36.48796  eV     2   --> E'             
     e(120 -120) =     36.49342  eV     1   --> A'_1           
     e(121 -122) =     36.50998  eV     2   --> E''            
     e(123 -123) =     36.93310  eV     1   --> A'_1           
     e(124 -125) =     37.38679  eV     2   --> E'             
     e(126 -126) =     37.75769  eV     1   --> A''2           
     e(127 -128) =     38.01243  eV     2   --> E''            
     e(129 -129) =     38.84645  eV     1   --> A''2           
     e(130 -131) =     39.38801  eV     2   --> E'             
     e(132 -132) =     40.08642  eV     1   --> A'_1           
     e(133 -134) =     40.27197  eV     2   --> E''            
     e(135 -136) =     40.69844  eV     2   --> E'             
     e(137 -137) =     40.72108  eV     1   --> A'_1           
     e(138 -138) =     41.28488  eV     1   --> A''2           
     e(139 -139) =     41.32336  eV     1   --> A'_1           
     e(140 -141) =     41.44625  eV     2   --> E''            
     e(142 -143) =     41.73182  eV     2   --> E'             
     e(144 -144) =     42.29035  eV     1   --> A'_2           
     e(145 -145) =     42.83954  eV     1   --> A''2           
     e(146 -147) =     43.11323  eV     2   --> E''            
     e(148 -148) =     44.01474  eV     1   --> A''2           
     e(149 -150) =     44.68912  eV     2   --> E'             
     e(151 -151) =     44.98624  eV     1   --> A'_1           
     e(152 -152) =     45.63229  eV     1   --> A''1           
     e(153 -154) =     45.90370  eV     2   --> E'             
     e(155 -155) =     46.70451  eV     1   --> A'_1           
     e(156 -157) =     46.78502  eV     2   --> E''            
     e(158 -159) =     46.92319  eV     2   --> E''            
     e(160 -160) =     47.17162  eV     1   --> A''2           
     e(161 -161) =     48.12755  eV     1   --> A''2           
     e(162 -162) =     48.71768  eV     1   --> A'_1           
     e(163 -163) =     49.13839  eV     1   --> A''2           
     e(164 -165) =     49.56641  eV     2   --> E'             
     e(166 -166) =     50.24379  eV     1   --> A'_1           
     e(167 -168) =     50.32326  eV     2   --> E''            
     e(169 -170) =     50.55963  eV     2   --> E'             
     e(171 -171) =     50.65216  eV     1   --> A''2           
     e(172 -173) =     51.86227  eV     2   --> E''            
     e(174 -175) =     52.02871  eV     2   --> E'             
     e(176 -176) =     52.12691  eV     1   --> A'_1           
     e(177 -177) =     53.14524  eV     1   --> A'_1           
     e(178 -179) =     53.52923  eV     2   --> E''            
     e(180 -180) =     53.99490  eV     1   --> A''2           
     e(181 -182) =     54.84209  eV     2   --> E''            
     e(183 -183) =     55.08306  eV     1   --> A'_2           
     e(184 -184) =     55.66651  eV     1   --> A'_1           
     e(185 -186) =     55.70893  eV     2   --> E'             
     e(187 -187) =     55.96447  eV     1   --> A''2           
     e(188 -188) =     56.52476  eV     1   --> A''2           
     e(189 -190) =     56.74816  eV     2   --> E'             
     e(191 -191) =     56.75761  eV     1   --> A'_1           
     e(192 -193) =     57.17712  eV     2   --> E''            
     e(194 -194) =     57.44165  eV     1   --> A''2           
     e(195 -196) =     57.57927  eV     2   --> E'             
     e(197 -197) =     58.67481  eV     1   --> A'_1           
     e(198 -198) =     58.89331  eV     1   --> A''1           
     e(199 -200) =     59.19427  eV     2   --> E''            

 **************************************************************************

 **************************************************************************

                    xk=(  -0.00000,   0.00000,  -0.07420  )

     Band symmetry, D_3h (-62m) point group:

     e(  1 -  1) =    -66.68089  eV     1   --> A''2           
     e(  2 -  2) =    -40.88860  eV     1   --> A'_1           
     e(  3 -  4) =    -40.62167  eV     2   --> E''            
     e(  5 -  5) =    -20.19277  eV     1   --> A''2           
     e(  6 -  6) =    -18.82753  eV     1   --> A'_1           
     e(  7 -  7) =    -11.73961  eV     1   --> A''2           
     e(  8 -  9) =     -8.58762  eV     2   --> E''            
     e( 10 - 10) =     -7.80806  eV     1   --> A'_1           
     e( 11 - 12) =     -7.42826  eV     2   --> E'             
     e( 13 - 13) =     -6.03323  eV     1   --> A''2           
     e( 14 - 15) =     -3.06889  eV     2   --> E'             
     e( 16 - 17) =     -2.79264  eV     2   --> E''            
     e( 18 - 18) =     -0.33405  eV     1   --> A''2           
     e( 19 - 19) =     -0.15892  eV     1   --> A'_1           
     e( 20 - 20) =      0.47029  eV     1   --> A''2           
     e( 21 - 21) =      2.18659  eV     1   --> A''2           
     e( 22 - 22) =      2.34079  eV     1   --> A'_1           
     e( 23 - 23) =      3.15764  eV     1   --> A'_1           
     e( 24 - 25) =      4.85774  eV     2   --> E''            
     e( 26 - 26) =      5.35128  eV     1   --> A''2           
     e( 27 - 27) =      5.99598  eV     1   --> A'_1           
     e( 28 - 29) =      6.87824  eV     2   --> E'             
     e( 30 - 30) =      7.18382  eV     1   --> A''2           
     e( 31 - 31) =      9.48546  eV     1   --> A''2           
     e( 32 - 32) =     10.10415  eV     1   --> A'_1           
     e( 33 - 34) =     10.20293  eV     2   --> E'             
     e( 35 - 36) =     10.53334  eV     2   --> E''            
     e( 37 - 37) =     10.60302  eV     1   --> A'_1           
     e( 38 - 38) =     12.41477  eV     1   --> A''2           
     e( 39 - 39) =     13.97276  eV     1   --> A'_1           
     e( 40 - 40) =     14.43242  eV     1   --> A''2           
     e( 41 - 41) =     14.69911  eV     1   --> A'_1           
     e( 42 - 43) =     17.28415  eV     2   --> E''            
     e( 44 - 44) =     17.29067  eV     1   --> A''2           
     e( 45 - 45) =     17.65179  eV     1   --> A'_1           
     e( 46 - 47) =     18.90293  eV     2   --> E'             
     e( 48 - 48) =     19.37896  eV     1   --> A'_1           
     e( 49 - 49) =     19.51353  eV     1   --> A''2           
     e( 50 - 51) =     19.61705  eV     2   --> E''            
     e( 52 - 53) =     19.76811  eV     2   --> E'             
     e( 54 - 54) =     19.97712  eV     1   --> A''2           
     e( 55 - 55) =     20.31506  eV     1   --> A'_1           
     e( 56 - 57) =     20.61915  eV     2   --> E''            
     e( 58 - 58) =     20.93607  eV     1   --> A''2           
     e( 59 - 60) =     21.53912  eV     2   --> E'             
     e( 61 - 61) =     21.73416  eV     1   --> A'_1           
     e( 62 - 63) =     21.96454  eV     2   --> E''            
     e( 64 - 64) =     22.14996  eV     1   --> A''2           
     e( 65 - 66) =     22.27535  eV     2   --> E'             
     e( 67 - 67) =     22.39305  eV     1   --> A'_1           
     e( 68 - 68) =     22.49838  eV     1   --> A''2           
     e( 69 - 70) =     22.72704  eV     2   --> E''            
     e( 71 - 71) =     22.97238  eV     1   --> A'_1           
     e( 72 - 72) =     24.38765  eV     1   --> A''2           
     e( 73 - 74) =     24.45352  eV     2   --> E'             
     e( 75 - 76) =     24.46272  eV     2   --> E''            
     e( 77 - 77) =     24.75755  eV     1   --> A'_1           
     e( 78 - 78) =     25.30799  eV     1   --> A''2           
     e( 79 - 80) =     25.56852  eV     2   --> E''            
     e( 81 - 82) =     25.68982  eV     2   --> E'             
     e( 83 - 83) =     26.38637  eV     1   --> A''2           
     e( 84 - 84) =     26.73456  eV     1   --> A'_1           
     e( 85 - 86) =     27.35310  eV     2   --> E''            
     e( 87 - 88) =     27.85406  eV     2   --> E'             
     e( 89 - 89) =     28.02908  eV     1   --> A'_1           
     e( 90 - 90) =     28.17449  eV     1   --> A''2           
     e( 91 - 91) =     28.78465  eV     1   --> A'_1           
     e( 92 - 93) =     29.03554  eV     2   --> E''            
     e( 94 - 94) =     29.31939  eV     1   --> A''2           
     e( 95 - 96) =     29.65072  eV     2   --> E'             
     e( 97 - 98) =     30.94371  eV     2   --> E''            
     e( 99 - 99) =     30.96109  eV     1   --> A'_1           
     e(100 -100) =     30.97840  eV     1   --> A''2           
     e(101 -102) =     31.43465  eV     2   --> E'             
     e(103 -104) =     31.68754  eV     2   --> E''            
     e(105 -105) =     31.78888  eV     1   --> A''1           
     e(106 -106) =     32.60602  eV     1   --> A''2           
     e(107 -107) =     32.99878  eV     1   --> A'_1           
     e(108 -109) =     33.68334  eV     2   --> E'             
     e(110 -110) =     34.05761  eV     1   --> A'_1           
     e(111 -111) =     34.13986  eV     1   --> A''2           
     e(112 -113) =     34.17611  eV     2   --> E''            
     e(114 -114) =     34.81261  eV     1   --> A'_1           
     e(115 -116) =     35.09647  eV     2   --> E'             
     e(117 -117) =     36.19612  eV     1   --> A''2           
     e(118 -119) =     36.48796  eV     2   --> E'             
     e(120 -120) =     36.49342  eV     1   --> A'_1           
     e(121 -122) =     36.50998  eV     2   --> E''            
     e(123 -123) =     36.93310  eV     1   --> A'_1           
     e(124 -125) =     37.38679  eV     2   --> E'             
     e(126 -126) =     37.75769  eV     1   --> A''2           
     e(127 -128) =     38.01243  eV     2   --> E''            
     e(129 -129) =     38.84645  eV     1   --> A''2           
     e(130 -131) =     39.38801  eV     2   --> E'             
     e(132 -132) =     40.08642  eV     1   --> A'_1           
     e(133 -134) =     40.27197  eV     2   --> E''            
     e(135 -136) =     40.69844  eV     2   --> E'             
     e(137 -137) =     40.72108  eV     1   --> A'_1           
     e(138 -138) =     41.28488  eV     1   --> A''2           
     e(139 -139) =     41.32336  eV     1   --> A'_1           
     e(140 -141) =     41.44625  eV     2   --> E''            
     e(142 -143) =     41.73182  eV     2   --> E'             
     e(144 -144) =     42.29035  eV     1   --> A'_2           
     e(145 -145) =     42.83954  eV     1   --> A''2           
     e(146 -147) =     43.11323  eV     2   --> E''            
     e(148 -148) =     44.01474  eV     1   --> A''2           
     e(149 -150) =     44.68912  eV     2   --> E'             
     e(151 -151) =     44.98624  eV     1   --> A'_1           
     e(152 -152) =     45.63229  eV     1   --> A''1           
     e(153 -154) =     45.90370  eV     2   --> E'             
     e(155 -155) =     46.70451  eV     1   --> A'_1           
     e(156 -157) =     46.78502  eV     2   --> E''            
     e(158 -159) =     46.92319  eV     2   --> E''            
     e(160 -160) =     47.17162  eV     1   --> A''2           
     e(161 -161) =     48.12755  eV     1   --> A''2           
     e(162 -162) =     48.71768  eV     1   --> A'_1           
     e(163 -163) =     49.13839  eV     1   --> A''2           
     e(164 -165) =     49.56641  eV     2   --> E'             
     e(166 -166) =     50.24379  eV     1   --> A'_1           
     e(167 -168) =     50.32326  eV     2   --> E''            
     e(169 -170) =     50.55963  eV     2   --> E'             
     e(171 -171) =     50.65216  eV     1   --> A''2           
     e(172 -173) =     51.86227  eV     2   --> E''            
     e(174 -175) =     52.02871  eV     2   --> E'             
     e(176 -176) =     52.12691  eV     1   --> A'_1           
     e(177 -177) =     53.14524  eV     1   --> A'_1           
     e(178 -179) =     53.52923  eV     2   --> E''            
     e(180 -180) =     53.99490  eV     1   --> A''2           
     e(181 -182) =     54.84209  eV     2   --> E''            
     e(183 -183) =     55.08306  eV     1   --> A'_2           
     e(184 -184) =     55.66651  eV     1   --> A'_1           
     e(185 -186) =     55.70893  eV     2   --> E'             
     e(187 -187) =     55.96447  eV     1   --> A''2           
     e(188 -188) =     56.52476  eV     1   --> A''2           
     e(189 -190) =     56.74816  eV     2   --> E'             
     e(191 -191) =     56.75761  eV     1   --> A'_1           
     e(192 -193) =     57.17712  eV     2   --> E''            
     e(194 -194) =     57.44165  eV     1   --> A''2           
     e(195 -196) =     57.57927  eV     2   --> E'             
     e(197 -197) =     58.67481  eV     1   --> A'_1           
     e(198 -198) =     58.89331  eV     1   --> A''1           
     e(199 -200) =     59.19427  eV     2   --> E''            

 **************************************************************************

 **************************************************************************

                    xk=(   0.00000,   0.00000,   0.00000  )

     Band symmetry, D_3h (-62m) point group:

     e(  1 -  1) =    -66.68089  eV     1   --> A'_1           
     e(  2 -  2) =    -40.88860  eV     1   --> A''2           
     e(  3 -  4) =    -40.62167  eV     2   --> E'             
     e(  5 -  5) =    -20.19277  eV     1   --> A'_1           
     e(  6 -  6) =    -18.82753  eV     1   --> A''2           
     e(  7 -  7) =    -11.73961  eV     1   --> A'_1           
     e(  8 -  9) =     -8.58762  eV     2   --> E'             
     e( 10 - 10) =     -7.80806  eV     1   --> A''2           
     e( 11 - 12) =     -7.42826  eV     2   --> E''            
     e( 13 - 13) =     -6.03323  eV     1   --> A'_1           
     e( 14 - 15) =     -3.06888  eV     2   --> E''            
     e( 16 - 17) =     -2.79264  eV     2   --> E'             
     e( 18 - 18) =     -0.33406  eV     1   --> A'_1           
     e( 19 - 19) =     -0.15890  eV     1   --> A''2           
     e( 20 - 20) =      0.47028  eV     1   --> A'_1           
     e( 21 - 21) =      2.18614  eV     1   --> A'_1           
     e( 22 - 22) =      2.34131  eV     1   --> A''2           
     e( 23 - 23) =      3.15766  eV     1   --> A''2           
     e( 24 - 25) =      4.85774  eV     2   --> E'             
     e( 26 - 26) =      5.34865  eV     1   --> A'_1           
     e( 27 - 27) =      6.00058  eV     1   --> A''2           
     e( 28 - 29) =      6.87824  eV     2   --> E''            
     e( 30 - 30) =      7.18198  eV     1   --> A'_1           
     e( 31 - 31) =      9.46577  eV     1   --> A'_1           
     e( 32 - 32) =     10.11591  eV     1   --> A''2           
     e( 33 - 34) =     10.20294  eV     2   --> E''            
     e( 35 - 36) =     10.53335  eV     2   --> E'             
     e( 37 - 37) =     10.63897  eV     1   --> A''2           
     e( 38 - 38) =     12.34649  eV     1   --> A'_1           
     e( 39 - 39) =     13.98630  eV     1   --> A''2           
     e( 40 - 40) =     14.23363  eV     1   --> A'_1           
     e( 41 - 41) =     15.25770  eV     1   --> A''2           
     e( 42 - 42) =     16.27199  eV     1   --> A'_1           
     e( 43 - 44) =     17.28416  eV     2   --> E'             
     e( 45 - 46) =     18.90293  eV     2   --> E''            
     e( 47 - 47) =     18.91341  eV     1   --> A'_1           
     e( 48 - 48) =     19.20475  eV     1   --> A''2           
     e( 49 - 50) =     19.61704  eV     2   --> E'             
     e( 51 - 51) =     19.62531  eV     1   --> A''2           
     e( 52 - 52) =     19.75182  eV     1   --> A'_1           
     e( 53 - 54) =     19.76812  eV     2   --> E''            
     e( 55 - 55) =     20.29052  eV     1   --> A'_1           
     e( 56 - 56) =     20.33433  eV     1   --> A''2           
     e( 57 - 58) =     20.61911  eV     2   --> E'             
     e( 59 - 60) =     21.53931  eV     2   --> E''            
     e( 61 - 61) =     21.74970  eV     1   --> A''2           
     e( 62 - 62) =     21.93960  eV     1   --> A'_1           
     e( 63 - 64) =     21.96427  eV     2   --> E'             
     e( 65 - 66) =     22.27574  eV     2   --> E''            
     e( 67 - 67) =     22.29952  eV     1   --> A'_1           
     e( 68 - 69) =     22.72660  eV     2   --> E'             
     e( 70 - 70) =     22.91341  eV     1   --> A''2           
     e( 71 - 71) =     23.74201  eV     1   --> A'_1           
     e( 72 - 72) =     24.18123  eV     1   --> A''2           
     e( 73 - 74) =     24.45504  eV     2   --> E''            
     e( 75 - 76) =     24.46161  eV     2   --> E'             
     e( 77 - 77) =     24.75994  eV     1   --> A''2           
     e( 78 - 78) =     25.17374  eV     1   --> A'_1           
     e( 79 - 80) =     25.56600  eV     2   --> E'             
     e( 81 - 82) =     25.69297  eV     2   --> E''            
     e( 83 - 83) =     25.78084  eV     1   --> A'_1           
     e( 84 - 84) =     26.74132  eV     1   --> A''2           
     e( 85 - 86) =     27.34661  eV     2   --> E'             
     e( 87 - 88) =     27.86177  eV     2   --> E''            
     e( 89 - 89) =     27.92180  eV     1   --> A'_1           
     e( 90 - 90) =     28.69386  eV     1   --> A''2           
     e( 91 - 91) =     28.77471  eV     1   --> A'_1           
     e( 92 - 93) =     29.02238  eV     2   --> E'             
     e( 94 - 95) =     29.67379  eV     2   --> E''            
     e( 96 - 96) =     30.10073  eV     1   --> A'_1           
     e( 97 - 97) =     30.10755  eV     1   --> A''2           
     e( 98 - 99) =     30.92374  eV     2   --> E'             
     e(100 -100) =     31.11945  eV     1   --> A''2           
     e(101 -102) =     31.49358  eV     2   --> E''            
     e(103 -104) =     31.61469  eV     2   --> E'             
     e(105 -105) =     31.78890  eV     1   --> A'_2           
     e(106 -106) =     32.32503  eV     1   --> A'_1           
     e(107 -107) =     33.26777  eV     1   --> A''2           
     e(108 -108) =     33.35600  eV     1   --> A'_1           
     e(109 -110) =     33.90278  eV     2   --> E''            
     e(111 -112) =     33.92761  eV     2   --> E'             
     e(113 -113) =     34.64210  eV     1   --> A''2           
     e(114 -114) =     34.70345  eV     1   --> A'_1           
     e(115 -116) =     35.57401  eV     2   --> E''            
     e(117 -118) =     35.62334  eV     2   --> E'             
     e(119 -119) =     36.21378  eV     1   --> A'_1           
     e(120 -121) =     36.77326  eV     2   --> E'             
     e(122 -122) =     37.06005  eV     1   --> A'_1           
     e(123 -123) =     37.38141  eV     1   --> A''2           
     e(124 -125) =     37.45879  eV     2   --> E''            
     e(126 -126) =     37.85081  eV     1   --> A''2           
     e(127 -127) =     38.28984  eV     1   --> A''2           
     e(128 -129) =     38.68750  eV     2   --> E''            
     e(130 -131) =     38.83116  eV     2   --> E'             
     e(132 -132) =     38.96646  eV     1   --> A'_1           
     e(133 -134) =     39.87631  eV     2   --> E'             
     e(135 -135) =     40.70399  eV     1   --> A'_1           
     e(136 -137) =     40.92053  eV     2   --> E''            
     e(138 -139) =     41.61688  eV     2   --> E''            
     e(140 -140) =     41.69895  eV     1   --> A'_1           
     e(141 -141) =     41.79938  eV     1   --> A''2           
     e(142 -143) =     41.94276  eV     2   --> E'             
     e(144 -144) =     42.29035  eV     1   --> A''1           
     e(145 -145) =     42.67719  eV     1   --> A''2           
     e(146 -147) =     42.80829  eV     2   --> E''            
     e(148 -148) =     44.76297  eV     1   --> A''2           
     e(149 -149) =     44.80514  eV     1   --> A'_1           
     e(150 -151) =     44.93835  eV     2   --> E'             
     e(152 -152) =     45.63229  eV     1   --> A'_2           
     e(153 -154) =     45.72730  eV     2   --> E'             
     e(155 -156) =     46.42998  eV     2   --> E''            
     e(157 -157) =     46.71504  eV     1   --> A'_1           
     e(158 -158) =     46.87059  eV     1   --> A''2           
     e(159 -159) =     47.40893  eV     1   --> A'_1           
     e(160 -161) =     47.42170  eV     2   --> E''            
     e(162 -162) =     48.57014  eV     1   --> A'_1           
     e(163 -163) =     48.77422  eV     1   --> A''2           
     e(164 -165) =     49.14338  eV     2   --> E'             
     e(166 -167) =     50.21128  eV     2   --> E''            
     e(168 -169) =     50.88446  eV     2   --> E'             
     e(170 -170) =     50.97264  eV     1   --> A''2           
     e(171 -171) =     51.63576  eV     1   --> A'_1           
     e(172 -172) =     52.20659  eV     1   --> A''2           
     e(173 -174) =     52.23641  eV     2   --> E'             
     e(175 -176) =     52.51713  eV     2   --> E''            
     e(177 -178) =     52.95369  eV     2   --> E'             
     e(179 -179) =     53.30103  eV     1   --> A'_1           
     e(180 -181) =     53.97927  eV     2   --> E''            
     e(182 -182) =     54.20748  eV     1   --> A''2           
     e(183 -183) =     54.21445  eV     1   --> A'_1           
     e(184 -184) =     55.08306  eV     1   --> A''1           
     e(185 -185) =     55.41426  eV     1   --> A'_1           
     e(186 -186) =     55.66357  eV     1   --> A''2           
     e(187 -188) =     55.86334  eV     2   --> E'             
     e(189 -190) =     57.00591  eV     2   --> E''            
     e(191 -191) =     57.66402  eV     1   --> A''2           
     e(192 -193) =     57.68705  eV     2   --> E''            
     e(194 -195) =     58.05510  eV     2   --> E'             
     e(196 -196) =     58.86408  eV     1   --> A'_1           
     e(197 -197) =     58.89331  eV     1   --> A'_2           
     e(198 -198) =     59.03649  eV     1   --> A''2           
     e(199 -199) =     59.07666  eV     1   --> A'_1           
     e(200 -200) =     59.10291  eV     1   -->   ?

 **************************************************************************

 **************************************************************************

                    xk=(   0.33333,   0.57735,   0.07420  )

     point group C_3h (-6)  
     there are  6 classes
     the character table:

       E     C3    C3^2  s_h   S3    S3^5 
A'     1.00  1.00  1.00  1.00  1.00  1.00
E'     1.00 -0.50 -0.50  1.00 -0.50 -0.50
E'*    1.00 -0.50 -0.50  1.00 -0.50 -0.50
A''    1.00  1.00  1.00 -1.00 -1.00 -1.00
E''    1.00 -0.50 -0.50 -1.00  0.50  0.50
E''*   1.00 -0.50 -0.50 -1.00  0.50  0.50
     imaginary part
A'     0.00  0.00  0.00  0.00  0.00  0.00
E'     0.00  0.87 -0.87  0.00  0.87 -0.87
E'*    0.00 -0.87  0.87  0.00 -0.87  0.87
A''    0.00  0.00  0.00  0.00  0.00  0.00
E''    0.00  0.87 -0.87  0.00 -0.87  0.87
E''*   0.00 -0.87  0.87  0.00  0.87 -0.87

     the symmetry operations in each class and the name of the first element:

     E        1
                                                                 
     C3       2
                                                                 
     C3^2     3
                                                                 
     s_h      4
                                                                 
     S3       6
                                                                 
     S3^5     5
                                                                 

     Band symmetry, C_3h (-6)   point group:

     e(  1 -  1) =    -66.62986  eV     1   --> E''*           
     e(  2 -  2) =    -40.94751  eV     1   --> E''            
     e(  3 -  3) =    -40.89743  eV     1   --> A''            
     e(  4 -  4) =    -40.78880  eV     1   --> E'*            
     e(  5 -  5) =    -17.87509  eV     1   --> E''            
     e(  6 -  6) =    -17.85265  eV     1   --> E'             
     e(  7 -  7) =    -11.56091  eV     1   --> A'             
     e(  8 -  8) =    -10.69202  eV     1   --> E''*           
     e(  9 -  9) =    -10.16677  eV     1   --> A''            
     e( 10 - 10) =     -9.53417  eV     1   --> E''            
     e( 11 - 11) =     -8.91248  eV     1   --> E'*            
     e( 12 - 12) =     -8.14341  eV     1   --> E'             
     e( 13 - 13) =     -5.96502  eV     1   --> A''            
     e( 14 - 14) =     -4.15966  eV     1   --> E''*           
     e( 15 - 15) =     -2.90728  eV     1   --> A'             
     e( 16 - 16) =     -2.24743  eV     1   --> E''            
     e( 17 - 17) =     -0.83149  eV     1   --> E'             
     e( 18 - 18) =      1.33992  eV     1   --> A''            
     e( 19 - 19) =      1.62573  eV     1   --> E''*           
     e( 20 - 20) =      3.65190  eV     1   --> E'*            
     e( 21 - 21) =      4.63644  eV     1   --> E''            
     e( 22 - 22) =      5.38710  eV     1   --> A'             
     e( 23 - 23) =      5.72974  eV     1   --> A'             
     e( 24 - 24) =      5.97142  eV     1   --> A''            
     e( 25 - 25) =      6.04076  eV     1   --> E'             
     e( 26 - 26) =      6.41328  eV     1   --> E''*           
     e( 27 - 27) =      6.97624  eV     1   --> E'*            
     e( 28 - 28) =      7.21574  eV     1   --> E''            
     e( 29 - 29) =      7.48234  eV     1   --> A''            
     e( 30 - 30) =      7.48830  eV     1   --> E'*            
     e( 31 - 31) =      7.51530  eV     1   --> E''*           
     e( 32 - 32) =      7.84586  eV     1   --> A'             
     e( 33 - 33) =      8.40934  eV     1   --> E'             
     e( 34 - 34) =      9.18644  eV     1   --> A''            
     e( 35 - 35) =      9.45778  eV     1   --> E''*           
     e( 36 - 36) =      9.67490  eV     1   --> E''            
     e( 37 - 37) =      9.88176  eV     1   --> E'*            
     e( 38 - 38) =     10.55516  eV     1   --> A'             
     e( 39 - 39) =     10.92562  eV     1   --> E'             
     e( 40 - 40) =     11.69540  eV     1   --> A''            
     e( 41 - 41) =     12.61011  eV     1   --> E''*           
     e( 42 - 42) =     12.87763  eV     1   --> E''            
     e( 43 - 43) =     13.46615  eV     1   --> E'*            
     e( 44 - 44) =     13.48015  eV     1   --> E''            
     e( 45 - 45) =     13.79235  eV     1   --> E'             
     e( 46 - 46) =     14.18266  eV     1   --> A'             
     e( 47 - 47) =     14.61170  eV     1   --> A''            
     e( 48 - 48) =     16.04198  eV     1   --> E''*           
     e( 49 - 49) =     17.44461  eV     1   --> E'             
     e( 50 - 50) =     17.64582  eV     1   --> E'*            
     e( 51 - 51) =     17.94785  eV     1   --> E''            
     e( 52 - 52) =     18.07399  eV     1   --> A''            
     e( 53 - 53) =     18.10015  eV     1   --> A'             
     e( 54 - 54) =     18.99547  eV     1   --> A'             
     e( 55 - 55) =     19.12865  eV     1   --> E''*           
     e( 56 - 56) =     19.63281  eV     1   --> A''            
     e( 57 - 57) =     19.76723  eV     1   --> E''*           
     e( 58 - 58) =     20.13901  eV     1   --> E'*            
     e( 59 - 59) =     20.72078  eV     1   --> E'             
     e( 60 - 60) =     21.12115  eV     1   --> A'             
     e( 61 - 61) =     21.58865  eV     1   --> E'*            
     e( 62 - 62) =     21.68066  eV     1   --> E''            
     e( 63 - 63) =     21.92372  eV     1   --> A''            
     e( 64 - 64) =     22.13912  eV     1   --> E''*           
     e( 65 - 65) =     22.57011  eV     1   --> E''            
     e( 66 - 66) =     22.69210  eV     1   --> A'             
     e( 67 - 67) =     23.14709  eV     1   --> E'             
     e( 68 - 68) =     23.47323  eV     1   --> E'*            
     e( 69 - 69) =     23.55558  eV     1   --> E''*           
     e( 70 - 70) =     24.47900  eV     1   --> E'             
     e( 71 - 71) =     24.86826  eV     1   --> E''            
     e( 72 - 72) =     24.96413  eV     1   --> E'*            
     e( 73 - 73) =     25.15171  eV     1   --> A''            
     e( 74 - 74) =     25.87874  eV     1   --> A'             
     e( 75 - 75) =     26.50997  eV     1   --> A''            
     e( 76 - 76) =     26.58031  eV     1   --> E''*           
     e( 77 - 77) =     26.75019  eV     1   --> A'             
     e( 78 - 78) =     26.82514  eV     1   --> E''*           
     e( 79 - 79) =     26.94711  eV     1   --> E'             
     e( 80 - 80) =     27.24539  eV     1   --> E''            
     e( 81 - 81) =     27.34101  eV     1   --> E'*            
     e( 82 - 82) =     28.10981  eV     1   --> E'             
     e( 83 - 83) =     28.34807  eV     1   --> A''            
     e( 84 - 84) =     28.59554  eV     1   --> E''            
     e( 85 - 85) =     28.70511  eV     1   --> E''*           
     e( 86 - 86) =     28.73104  eV     1   --> E'*            
     e( 87 - 87) =     29.14753  eV     1   --> A'             
     e( 88 - 88) =     29.31700  eV     1   --> E''*           
     e( 89 - 89) =     29.77202  eV     1   --> E''            
     e( 90 - 90) =     29.81554  eV     1   --> E'*            
     e( 91 - 91) =     29.82121  eV     1   --> E'             
     e( 92 - 92) =     29.87836  eV     1   --> A''            
     e( 93 - 93) =     30.60482  eV     1   --> A''            
     e( 94 - 94) =     30.92281  eV     1   --> A'             
     e( 95 - 95) =     30.92331  eV     1   --> E'             
     e( 96 - 96) =     31.36479  eV     1   --> E''            
     e( 97 - 97) =     32.30621  eV     1   --> A''            
     e( 98 - 98) =     32.42207  eV     1   --> E''*           
     e( 99 - 99) =     32.46558  eV     1   --> A'             
     e(100 -100) =     32.63856  eV     1   --> E'*            
     e(101 -101) =     32.87374  eV     1   --> A'             
     e(102 -102) =     33.17930  eV     1   --> E'             
     e(103 -103) =     33.39668  eV     1   --> E''            
     e(104 -104) =     33.47087  eV     1   --> E''*           
     e(105 -105) =     33.51370  eV     1   --> E'             
     e(106 -106) =     33.86617  eV     1   --> E'*            
     e(107 -107) =     34.39206  eV     1   --> E''            
     e(108 -108) =     34.41419  eV     1   --> A''            
     e(109 -109) =     35.46914  eV     1   --> E'             
     e(110 -110) =     35.69647  eV     1   --> A''            
     e(111 -111) =     35.77394  eV     1   --> E'*            
     e(112 -112) =     35.91010  eV     1   --> E''*           
     e(113 -113) =     36.75360  eV     1   --> A'             
     e(114 -114) =     36.98715  eV     1   --> E'*            
     e(115 -115) =     37.08241  eV     1   --> A''            
     e(116 -116) =     37.19415  eV     1   --> E''            
     e(117 -117) =     37.21698  eV     1   --> A'             
     e(118 -118) =     37.77056  eV     1   --> E'*            
     e(119 -119) =     37.81500  eV     1   --> E''*           
     e(120 -120) =     38.59265  eV     1   --> E'             
     e(121 -121) =     38.81900  eV     1   --> A'             
     e(122 -122) =     39.03583  eV     1   --> E''            
     e(123 -123) =     39.09849  eV     1   --> A''            
     e(124 -124) =     39.10466  eV     1   --> E'             
     e(125 -125) =     39.68318  eV     1   --> E''*           
     e(126 -126) =     39.96661  eV     1   --> E''            
     e(127 -127) =     40.93076  eV     1   --> E'*            
     e(128 -128) =     41.09598  eV     1   --> E'             
     e(129 -129) =     41.14566  eV     1   --> E''            
     e(130 -130) =     41.48853  eV     1   --> A'             
     e(131 -131) =     41.71091  eV     1   --> A''            
     e(132 -132) =     42.11728  eV     1   --> E'*            
     e(133 -133) =     42.15416  eV     1   --> E''*           
     e(134 -134) =     42.63652  eV     1   --> E'             
     e(135 -135) =     43.13500  eV     1   --> A''            
     e(136 -136) =     43.15727  eV     1   --> A'             
     e(137 -137) =     43.69038  eV     1   --> E''            
     e(138 -138) =     43.83331  eV     1   --> E''*           
     e(139 -139) =     44.11896  eV     1   --> A'             
     e(140 -140) =     44.64409  eV     1   --> E'*            
     e(141 -141) =     44.85486  eV     1   --> E'             
     e(142 -142) =     45.09502  eV     1   --> E''*           
     e(143 -143) =     45.12922  eV     1   --> A''            
     e(144 -144) =     45.29221  eV     1   --> E''            
     e(145 -145) =     45.56386  eV     1   --> E'*            
     e(146 -146) =     45.59573  eV     1   --> A'             
     e(147 -147) =     46.08842  eV     1   --> E''            
     e(148 -148) =     46.14863  eV     1   --> E''*           
     e(149 -149) =     46.15238  eV     1   --> A''            
     e(150 -150) =     46.47165  eV     1   --> A'             
     e(151 -151) =     46.70211  eV     1   --> E'*            
     e(152 -152) =     46.73283  eV     1   --> E'             
     e(153 -153) =     46.99700  eV     1   --> E'             
     e(154 -154) =     47.22731  eV     1   --> A''            
     e(155 -155) =     47.41351  eV     1   --> E''*           
     e(156 -156) =     47.50243  eV     1   --> E''            
     e(157 -157) =     47.59796  eV     1   --> E'             
     e(158 -158) =     47.62756  eV     1   --> E'*            
     e(159 -159) =     47.93627  eV     1   --> E''            
     e(160 -160) =     48.12779  eV     1   --> A''            
     e(161 -161) =     48.17234  eV     1   --> A'             
     e(162 -162) =     48.46845  eV     1   --> E''*           
     e(163 -163) =     48.47924  eV     1   --> A'             
     e(164 -164) =     48.52819  eV     1   --> E'             
     e(165 -165) =     48.64577  eV     1   --> A''            
     e(166 -166) =     48.65606  eV     1   --> E''*           
     e(167 -167) =     48.80537  eV     1   --> E'*            
     e(168 -168) =     48.91536  eV     1   --> E'*            
     e(169 -169) =     49.12158  eV     1   --> E''            
     e(170 -170) =     49.49817  eV     1   --> A''            
     e(171 -171) =     49.65575  eV     1   --> E'             
     e(172 -172) =     49.77834  eV     1   --> E''            
     e(173 -173) =     49.78604  eV     1   --> A'             
     e(174 -174) =     49.94423  eV     1   --> A'             
     e(175 -175) =     50.00078  eV     1   --> E'*            
     e(176 -176) =     50.27273  eV     1   --> E''*           
     e(177 -177) =     50.45393  eV     1   --> E''*           
     e(178 -178) =     50.52420  eV     1   --> E'             
     e(179 -179) =     50.71141  eV     1   --> A''            
     e(180 -180) =     51.00841  eV     1   --> A'             
     e(181 -181) =     51.02900  eV     1   --> E''            
     e(182 -182) =     51.59368  eV     1   --> A''            
     e(183 -183) =     51.63385  eV     1   --> E'*            
     e(184 -184) =     51.70366  eV     1   --> E''*           
     e(185 -185) =     51.78510  eV     1   --> E'             
     e(186 -186) =     52.26062  eV     1   --> A'             
     e(187 -187) =     52.40736  eV     1   --> E''            
     e(188 -188) =     52.46224  eV     1   --> E'             
     e(189 -189) =     52.83709  eV     1   --> E'*            
     e(190 -190) =     53.17964  eV     1   --> E''*           
     e(191 -191) =     53.23837  eV     1   --> A''            
     e(192 -192) =     53.27208  eV     1   --> E''            
     e(193 -193) =     53.43943  eV     1   --> A''            
     e(194 -194) =     53.82395  eV     1   --> E''            
     e(195 -195) =     53.83025  eV     1   --> E'             
     e(196 -196) =     54.19385  eV     1   --> A'             
     e(197 -197) =     54.21977  eV     1   --> E''*           
     e(198 -198) =     54.25209  eV     1   --> E'*            
     e(199 -199) =     54.60340  eV     1   --> E''            
     e(200 -200) =     54.66286  eV     1   --> A'             

 **************************************************************************

 **************************************************************************

                    xk=(  -0.33333,  -0.57735,  -0.07420  )

     Band symmetry, C_3h (-6)   point group:

     e(  1 -  1) =    -66.62986  eV     1   --> E''            
     e(  2 -  2) =    -40.94751  eV     1   --> E''*           
     e(  3 -  3) =    -40.89743  eV     1   --> A''            
     e(  4 -  4) =    -40.78880  eV     1   --> E'             
     e(  5 -  5) =    -17.87509  eV     1   --> E''*           
     e(  6 -  6) =    -17.85265  eV     1   --> E'*            
     e(  7 -  7) =    -11.56091  eV     1   --> A'             
     e(  8 -  8) =    -10.69202  eV     1   --> E''            
     e(  9 -  9) =    -10.16677  eV     1   --> A''            
     e( 10 - 10) =     -9.53417  eV     1   --> E''*           
     e( 11 - 11) =     -8.91248  eV     1   --> E'             
     e( 12 - 12) =     -8.14341  eV     1   --> E'*            
     e( 13 - 13) =     -5.96502  eV     1   --> A''            
     e( 14 - 14) =     -4.15966  eV     1   --> E''            
     e( 15 - 15) =     -2.90728  eV     1   --> A'             
     e( 16 - 16) =     -2.24743  eV     1   --> E''*           
     e( 17 - 17) =     -0.83149  eV     1   --> E'*            
     e( 18 - 18) =      1.33992  eV     1   --> A''            
     e( 19 - 19) =      1.62573  eV     1   --> E''            
     e( 20 - 20) =      3.65190  eV     1   --> E'             
     e( 21 - 21) =      4.63644  eV     1   --> E''*           
     e( 22 - 22) =      5.38710  eV     1   --> A'             
     e( 23 - 23) =      5.72974  eV     1   --> A'             
     e( 24 - 24) =      5.97142  eV     1   --> A''            
     e( 25 - 25) =      6.04076  eV     1   --> E'*            
     e( 26 - 26) =      6.41328  eV     1   --> E''            
     e( 27 - 27) =      6.97624  eV     1   --> E'             
     e( 28 - 28) =      7.21574  eV     1   --> E''*           
     e( 29 - 29) =      7.48234  eV     1   --> A''            
     e( 30 - 30) =      7.48830  eV     1   --> E'             
     e( 31 - 31) =      7.51530  eV     1   --> E''            
     e( 32 - 32) =      7.84586  eV     1   --> A'             
     e( 33 - 33) =      8.40934  eV     1   --> E'*            
     e( 34 - 34) =      9.18644  eV     1   --> A''            
     e( 35 - 35) =      9.45778  eV     1   --> E''            
     e( 36 - 36) =      9.67490  eV     1   --> E''*           
     e( 37 - 37) =      9.88176  eV     1   --> E'             
     e( 38 - 38) =     10.55516  eV     1   --> A'             
     e( 39 - 39) =     10.92562  eV     1   --> E'*            
     e( 40 - 40) =     11.69540  eV     1   --> A''            
     e( 41 - 41) =     12.61011  eV     1   --> E''            
     e( 42 - 42) =     12.87763  eV     1   --> E''*           
     e( 43 - 43) =     13.46615  eV     1   --> E'             
     e( 44 - 44) =     13.48015  eV     1   --> E''*           
     e( 45 - 45) =     13.79235  eV     1   --> E'*            
     e( 46 - 46) =     14.18266  eV     1   --> A'             
     e( 47 - 47) =     14.61170  eV     1   --> A''            
     e( 48 - 48) =     16.04198  eV     1   --> E''            
     e( 49 - 49) =     17.44461  eV     1   --> E'*            
     e( 50 - 50) =     17.64582  eV     1   --> E'             
     e( 51 - 51) =     17.94785  eV     1   --> E''*           
     e( 52 - 52) =     18.07399  eV     1   --> A''            
     e( 53 - 53) =     18.10015  eV     1   --> A'             
     e( 54 - 54) =     18.99547  eV     1   --> A'             
     e( 55 - 55) =     19.12865  eV     1   --> E''            
     e( 56 - 56) =     19.63281  eV     1   --> A''            
     e( 57 - 57) =     19.76723  eV     1   --> E''            
     e( 58 - 58) =     20.13901  eV     1   --> E'             
     e( 59 - 59) =     20.72078  eV     1   --> E'*            
     e( 60 - 60) =     21.12115  eV     1   --> A'             
     e( 61 - 61) =     21.58865  eV     1   --> E'             
     e( 62 - 62) =     21.68066  eV     1   --> E''*           
     e( 63 - 63) =     21.92372  eV     1   --> A''            
     e( 64 - 64) =     22.13912  eV     1   --> E''            
     e( 65 - 65) =     22.57011  eV     1   --> E''*           
     e( 66 - 66) =     22.69210  eV     1   --> A'             
     e( 67 - 67) =     23.14709  eV     1   --> E'*            
     e( 68 - 68) =     23.47323  eV     1   --> E'             
     e( 69 - 69) =     23.55558  eV     1   --> E''            
     e( 70 - 70) =     24.47900  eV     1   --> E'*            
     e( 71 - 71) =     24.86826  eV     1   --> E''*           
     e( 72 - 72) =     24.96413  eV     1   --> E'             
     e( 73 - 73) =     25.15171  eV     1   --> A''            
     e( 74 - 74) =     25.87874  eV     1   --> A'             
     e( 75 - 75) =     26.50997  eV     1   --> A''            
     e( 76 - 76) =     26.58031  eV     1   --> E''            
     e( 77 - 77) =     26.75019  eV     1   --> A'             
     e( 78 - 78) =     26.82514  eV     1   --> E''            
     e( 79 - 79) =     26.94711  eV     1   --> E'*            
     e( 80 - 80) =     27.24539  eV     1   --> E''*           
     e( 81 - 81) =     27.34101  eV     1   --> E'             
     e( 82 - 82) =     28.10981  eV     1   --> E'*            
     e( 83 - 83) =     28.34807  eV     1   --> A''            
     e( 84 - 84) =     28.59554  eV     1   --> E''*           
     e( 85 - 85) =     28.70511  eV     1   --> E''            
     e( 86 - 86) =     28.73104  eV     1   --> E'             
     e( 87 - 87) =     29.14753  eV     1   --> A'             
     e( 88 - 88) =     29.31700  eV     1   --> E''            
     e( 89 - 89) =     29.77202  eV     1   --> E''*           
     e( 90 - 90) =     29.81554  eV     1   --> E'             
     e( 91 - 91) =     29.82121  eV     1   --> E'*            
     e( 92 - 92) =     29.87836  eV     1   --> A''            
     e( 93 - 93) =     30.60482  eV     1   --> A''            
     e( 94 - 94) =     30.92281  eV     1   --> A'             
     e( 95 - 95) =     30.92331  eV     1   --> E'*            
     e( 96 - 96) =     31.36479  eV     1   --> E''*           
     e( 97 - 97) =     32.30621  eV     1   --> A''            
     e( 98 - 98) =     32.42207  eV     1   --> E''            
     e( 99 - 99) =     32.46558  eV     1   --> A'             
     e(100 -100) =     32.63856  eV     1   --> E'             
     e(101 -101) =     32.87374  eV     1   --> A'             
     e(102 -102) =     33.17930  eV     1   --> E'*            
     e(103 -103) =     33.39668  eV     1   --> E''*           
     e(104 -104) =     33.47087  eV     1   --> E''            
     e(105 -105) =     33.51370  eV     1   --> E'*            
     e(106 -106) =     33.86617  eV     1   --> E'             
     e(107 -107) =     34.39206  eV     1   --> E''*           
     e(108 -108) =     34.41419  eV     1   --> A''            
     e(109 -109) =     35.46914  eV     1   --> E'*            
     e(110 -110) =     35.69647  eV     1   --> A''            
     e(111 -111) =     35.77394  eV     1   --> E'             
     e(112 -112) =     35.91010  eV     1   --> E''            
     e(113 -113) =     36.75360  eV     1   --> A'             
     e(114 -114) =     36.98715  eV     1   --> E'             
     e(115 -115) =     37.08241  eV     1   --> A''            
     e(116 -116) =     37.19415  eV     1   --> E''*           
     e(117 -117) =     37.21698  eV     1   --> A'             
     e(118 -118) =     37.77056  eV     1   --> E'             
     e(119 -119) =     37.81500  eV     1   --> E''            
     e(120 -120) =     38.59265  eV     1   --> E'*            
     e(121 -121) =     38.81900  eV     1   --> A'             
     e(122 -122) =     39.03583  eV     1   --> E''*           
     e(123 -123) =     39.09849  eV     1   --> A''            
     e(124 -124) =     39.10466  eV     1   --> E'*            
     e(125 -125) =     39.68318  eV     1   --> E''            
     e(126 -126) =     39.96661  eV     1   --> E''*           
     e(127 -127) =     40.93076  eV     1   --> E'             
     e(128 -128) =     41.09598  eV     1   --> E'*            
     e(129 -129) =     41.14566  eV     1   --> E''*           
     e(130 -130) =     41.48853  eV     1   --> A'             
     e(131 -131) =     41.71091  eV     1   --> A''            
     e(132 -132) =     42.11728  eV     1   --> E'             
     e(133 -133) =     42.15416  eV     1   --> E''            
     e(134 -134) =     42.63652  eV     1   --> E'*            
     e(135 -135) =     43.13500  eV     1   --> A''            
     e(136 -136) =     43.15727  eV     1   --> A'             
     e(137 -137) =     43.69038  eV     1   --> E''*           
     e(138 -138) =     43.83331  eV     1   --> E''            
     e(139 -139) =     44.11896  eV     1   --> A'             
     e(140 -140) =     44.64409  eV     1   --> E'             
     e(141 -141) =     44.85486  eV     1   --> E'*            
     e(142 -142) =     45.09502  eV     1   --> E''            
     e(143 -143) =     45.12922  eV     1   --> A''            
     e(144 -144) =     45.29221  eV     1   --> E''*           
     e(145 -145) =     45.56386  eV     1   --> E'             
     e(146 -146) =     45.59573  eV     1   --> A'             
     e(147 -147) =     46.08842  eV     1   --> E''*           
     e(148 -148) =     46.14863  eV     1   --> E''            
     e(149 -149) =     46.15238  eV     1   --> A''            
     e(150 -150) =     46.47165  eV     1   --> A'             
     e(151 -151) =     46.70211  eV     1   --> E'             
     e(152 -152) =     46.73283  eV     1   --> E'*            
     e(153 -153) =     46.99700  eV     1   --> E'*            
     e(154 -154) =     47.22731  eV     1   --> A''            
     e(155 -155) =     47.41351  eV     1   --> E''            
     e(156 -156) =     47.50243  eV     1   --> E''*           
     e(157 -157) =     47.59796  eV     1   --> E'*            
     e(158 -158) =     47.62756  eV     1   --> E'             
     e(159 -159) =     47.93627  eV     1   --> E''*           
     e(160 -160) =     48.12779  eV     1   --> A''            
     e(161 -161) =     48.17234  eV     1   --> A'             
     e(162 -162) =     48.46845  eV     1   --> E''            
     e(163 -163) =     48.47924  eV     1   --> A'             
     e(164 -164) =     48.52819  eV     1   --> E'*            
     e(165 -165) =     48.64577  eV     1   --> A''            
     e(166 -166) =     48.65606  eV     1   --> E''            
     e(167 -167) =     48.80537  eV     1   --> E'             
     e(168 -168) =     48.91536  eV     1   --> E'             
     e(169 -169) =     49.12158  eV     1   --> E''*           
     e(170 -170) =     49.49817  eV     1   --> A''            
     e(171 -171) =     49.65575  eV     1   --> E'*            
     e(172 -172) =     49.77834  eV     1   --> E''*           
     e(173 -173) =     49.78604  eV     1   --> A'             
     e(174 -174) =     49.94423  eV     1   --> A'             
     e(175 -175) =     50.00078  eV     1   --> E'             
     e(176 -176) =     50.27273  eV     1   --> E''            
     e(177 -177) =     50.45393  eV     1   --> E''            
     e(178 -178) =     50.52420  eV     1   --> E'*            
     e(179 -179) =     50.71141  eV     1   --> A''            
     e(180 -180) =     51.00841  eV     1   --> A'             
     e(181 -181) =     51.02900  eV     1   --> E''*           
     e(182 -182) =     51.59368  eV     1   --> A''            
     e(183 -183) =     51.63385  eV     1   --> E'             
     e(184 -184) =     51.70366  eV     1   --> E''            
     e(185 -185) =     51.78510  eV     1   --> E'*            
     e(186 -186) =     52.26062  eV     1   --> A'             
     e(187 -187) =     52.40736  eV     1   --> E''*           
     e(188 -188) =     52.46224  eV     1   --> E'*            
     e(189 -189) =     52.83709  eV     1   --> E'             
     e(190 -190) =     53.17964  eV     1   --> E''            
     e(191 -191) =     53.23837  eV     1   --> A''            
     e(192 -192) =     53.27208  eV     1   --> E''*           
     e(193 -193) =     53.43943  eV     1   --> A''            
     e(194 -194) =     53.82395  eV     1   --> E''*           
     e(195 -195) =     53.83025  eV     1   --> E'*            
     e(196 -196) =     54.19385  eV     1   --> A'             
     e(197 -197) =     54.21977  eV     1   --> E''            
     e(198 -198) =     54.25209  eV     1   --> E'             
     e(199 -199) =     54.60340  eV     1   --> E''*           
     e(200 -200) =     54.66286  eV     1   --> A'             

 **************************************************************************

 **************************************************************************

                    xk=(   0.33333,   0.57735,  -0.07420  )

     Band symmetry, C_3h (-6)   point group:

     e(  1 -  1) =    -66.62986  eV     1   --> E''*           
     e(  2 -  2) =    -40.94751  eV     1   --> E''            
     e(  3 -  3) =    -40.89743  eV     1   --> A''            
     e(  4 -  4) =    -40.78880  eV     1   --> E'*            
     e(  5 -  5) =    -17.87509  eV     1   --> E''            
     e(  6 -  6) =    -17.85265  eV     1   --> E'             
     e(  7 -  7) =    -11.56091  eV     1   --> A'             
     e(  8 -  8) =    -10.69202  eV     1   --> E''*           
     e(  9 -  9) =    -10.16677  eV     1   --> A''            
     e( 10 - 10) =     -9.53417  eV     1   --> E''            
     e( 11 - 11) =     -8.91248  eV     1   --> E'*            
     e( 12 - 12) =     -8.14341  eV     1   --> E'             
     e( 13 - 13) =     -5.96502  eV     1   --> A''            
     e( 14 - 14) =     -4.15966  eV     1   --> E''*           
     e( 15 - 15) =     -2.90728  eV     1   --> A'             
     e( 16 - 16) =     -2.24743  eV     1   --> E''            
     e( 17 - 17) =     -0.83149  eV     1   --> E'             
     e( 18 - 18) =      1.33992  eV     1   --> A''            
     e( 19 - 19) =      1.62573  eV     1   --> E''*           
     e( 20 - 20) =      3.65190  eV     1   --> E'*            
     e( 21 - 21) =      4.63644  eV     1   --> E''            
     e( 22 - 22) =      5.38710  eV     1   --> A'             
     e( 23 - 23) =      5.72974  eV     1   --> A'             
     e( 24 - 24) =      5.97142  eV     1   --> A''            
     e( 25 - 25) =      6.04076  eV     1   --> E'             
     e( 26 - 26) =      6.41328  eV     1   --> E''*           
     e( 27 - 27) =      6.97624  eV     1   --> E'*            
     e( 28 - 28) =      7.21574  eV     1   --> E''            
     e( 29 - 29) =      7.48234  eV     1   --> A''            
     e( 30 - 30) =      7.48830  eV     1   --> E'*            
     e( 31 - 31) =      7.51530  eV     1   --> E''*           
     e( 32 - 32) =      7.84586  eV     1   --> A'             
     e( 33 - 33) =      8.40934  eV     1   --> E'             
     e( 34 - 34) =      9.18644  eV     1   --> A''            
     e( 35 - 35) =      9.45778  eV     1   --> E''*           
     e( 36 - 36) =      9.67490  eV     1   --> E''            
     e( 37 - 37) =      9.88176  eV     1   --> E'*            
     e( 38 - 38) =     10.55516  eV     1   --> A'             
     e( 39 - 39) =     10.92562  eV     1   --> E'             
     e( 40 - 40) =     11.69540  eV     1   --> A''            
     e( 41 - 41) =     12.61011  eV     1   --> E''*           
     e( 42 - 42) =     12.87763  eV     1   --> E''            
     e( 43 - 43) =     13.46615  eV     1   --> E'*            
     e( 44 - 44) =     13.48015  eV     1   --> E''            
     e( 45 - 45) =     13.79235  eV     1   --> E'             
     e( 46 - 46) =     14.18266  eV     1   --> A'             
     e( 47 - 47) =     14.61170  eV     1   --> A''            
     e( 48 - 48) =     16.04198  eV     1   --> E''*           
     e( 49 - 49) =     17.44461  eV     1   --> E'             
     e( 50 - 50) =     17.64582  eV     1   --> E'*            
     e( 51 - 51) =     17.94785  eV     1   --> E''            
     e( 52 - 52) =     18.07399  eV     1   --> A''            
     e( 53 - 53) =     18.10015  eV     1   --> A'             
     e( 54 - 54) =     18.99547  eV     1   --> A'             
     e( 55 - 55) =     19.12865  eV     1   --> E''*           
     e( 56 - 56) =     19.63281  eV     1   --> A''            
     e( 57 - 57) =     19.76723  eV     1   --> E''*           
     e( 58 - 58) =     20.13901  eV     1   --> E'*            
     e( 59 - 59) =     20.72078  eV     1   --> E'             
     e( 60 - 60) =     21.12115  eV     1   --> A'             
     e( 61 - 61) =     21.58865  eV     1   --> E'*            
     e( 62 - 62) =     21.68066  eV     1   --> E''            
     e( 63 - 63) =     21.92372  eV     1   --> A''            
     e( 64 - 64) =     22.13912  eV     1   --> E''*           
     e( 65 - 65) =     22.57011  eV     1   --> E''            
     e( 66 - 66) =     22.69210  eV     1   --> A'             
     e( 67 - 67) =     23.14709  eV     1   --> E'             
     e( 68 - 68) =     23.47323  eV     1   --> E'*            
     e( 69 - 69) =     23.55558  eV     1   --> E''*           
     e( 70 - 70) =     24.47900  eV     1   --> E'             
     e( 71 - 71) =     24.86826  eV     1   --> E''            
     e( 72 - 72) =     24.96413  eV     1   --> E'*            
     e( 73 - 73) =     25.15171  eV     1   --> A''            
     e( 74 - 74) =     25.87874  eV     1   --> A'             
     e( 75 - 75) =     26.50997  eV     1   --> A''            
     e( 76 - 76) =     26.58031  eV     1   --> E''*           
     e( 77 - 77) =     26.75019  eV     1   --> A'             
     e( 78 - 78) =     26.82514  eV     1   --> E''*           
     e( 79 - 79) =     26.94711  eV     1   --> E'             
     e( 80 - 80) =     27.24539  eV     1   --> E''            
     e( 81 - 81) =     27.34101  eV     1   --> E'*            
     e( 82 - 82) =     28.10981  eV     1   --> E'             
     e( 83 - 83) =     28.34807  eV     1   --> A''            
     e( 84 - 84) =     28.59554  eV     1   --> E''            
     e( 85 - 85) =     28.70511  eV     1   --> E''*           
     e( 86 - 86) =     28.73104  eV     1   --> E'*            
     e( 87 - 87) =     29.14753  eV     1   --> A'             
     e( 88 - 88) =     29.31700  eV     1   --> E''*           
     e( 89 - 89) =     29.77202  eV     1   --> E''            
     e( 90 - 90) =     29.81554  eV     1   --> E'*            
     e( 91 - 91) =     29.82121  eV     1   --> E'             
     e( 92 - 92) =     29.87836  eV     1   --> A''            
     e( 93 - 93) =     30.60482  eV     1   --> A''            
     e( 94 - 94) =     30.92281  eV     1   --> A'             
     e( 95 - 95) =     30.92331  eV     1   --> E'             
     e( 96 - 96) =     31.36479  eV     1   --> E''            
     e( 97 - 97) =     32.30621  eV     1   --> A''            
     e( 98 - 98) =     32.42207  eV     1   --> E''*           
     e( 99 - 99) =     32.46558  eV     1   --> A'             
     e(100 -100) =     32.63856  eV     1   --> E'*            
     e(101 -101) =     32.87374  eV     1   --> A'             
     e(102 -102) =     33.17930  eV     1   --> E'             
     e(103 -103) =     33.39668  eV     1   --> E''            
     e(104 -104) =     33.47087  eV     1   --> E''*           
     e(105 -105) =     33.51370  eV     1   --> E'             
     e(106 -106) =     33.86617  eV     1   --> E'*            
     e(107 -107) =     34.39206  eV     1   --> E''            
     e(108 -108) =     34.41419  eV     1   --> A''            
     e(109 -109) =     35.46914  eV     1   --> E'             
     e(110 -110) =     35.69647  eV     1   --> A''            
     e(111 -111) =     35.77394  eV     1   --> E'*            
     e(112 -112) =     35.91010  eV     1   --> E''*           
     e(113 -113) =     36.75360  eV     1   --> A'             
     e(114 -114) =     36.98715  eV     1   --> E'*            
     e(115 -115) =     37.08241  eV     1   --> A''            
     e(116 -116) =     37.19415  eV     1   --> E''            
     e(117 -117) =     37.21698  eV     1   --> A'             
     e(118 -118) =     37.77056  eV     1   --> E'*            
     e(119 -119) =     37.81500  eV     1   --> E''*           
     e(120 -120) =     38.59265  eV     1   --> E'             
     e(121 -121) =     38.81900  eV     1   --> A'             
     e(122 -122) =     39.03583  eV     1   --> E''            
     e(123 -123) =     39.09849  eV     1   --> A''            
     e(124 -124) =     39.10466  eV     1   --> E'             
     e(125 -125) =     39.68318  eV     1   --> E''*           
     e(126 -126) =     39.96661  eV     1   --> E''            
     e(127 -127) =     40.93076  eV     1   --> E'*            
     e(128 -128) =     41.09598  eV     1   --> E'             
     e(129 -129) =     41.14566  eV     1   --> E''            
     e(130 -130) =     41.48853  eV     1   --> A'             
     e(131 -131) =     41.71091  eV     1   --> A''            
     e(132 -132) =     42.11728  eV     1   --> E'*            
     e(133 -133) =     42.15416  eV     1   --> E''*           
     e(134 -134) =     42.63652  eV     1   --> E'             
     e(135 -135) =     43.13500  eV     1   --> A''            
     e(136 -136) =     43.15727  eV     1   --> A'             
     e(137 -137) =     43.69038  eV     1   --> E''            
     e(138 -138) =     43.83331  eV     1   --> E''*           
     e(139 -139) =     44.11896  eV     1   --> A'             
     e(140 -140) =     44.64409  eV     1   --> E'*            
     e(141 -141) =     44.85486  eV     1   --> E'             
     e(142 -142) =     45.09502  eV     1   --> E''*           
     e(143 -143) =     45.12922  eV     1   --> A''            
     e(144 -144) =     45.29221  eV     1   --> E''            
     e(145 -145) =     45.56386  eV     1   --> E'*            
     e(146 -146) =     45.59573  eV     1   --> A'             
     e(147 -147) =     46.08842  eV     1   --> E''            
     e(148 -148) =     46.14863  eV     1   --> E''*           
     e(149 -149) =     46.15238  eV     1   --> A''            
     e(150 -150) =     46.47165  eV     1   --> A'             
     e(151 -151) =     46.70211  eV     1   --> E'*            
     e(152 -152) =     46.73283  eV     1   --> E'             
     e(153 -153) =     46.99700  eV     1   --> E'             
     e(154 -154) =     47.22731  eV     1   --> A''            
     e(155 -155) =     47.41351  eV     1   --> E''*           
     e(156 -156) =     47.50243  eV     1   --> E''            
     e(157 -157) =     47.59796  eV     1   --> E'             
     e(158 -158) =     47.62756  eV     1   --> E'*            
     e(159 -159) =     47.93627  eV     1   --> E''            
     e(160 -160) =     48.12779  eV     1   --> A''            
     e(161 -161) =     48.17234  eV     1   --> A'             
     e(162 -162) =     48.46845  eV     1   --> E''*           
     e(163 -163) =     48.47924  eV     1   --> A'             
     e(164 -164) =     48.52819  eV     1   --> E'             
     e(165 -165) =     48.64577  eV     1   --> A''            
     e(166 -166) =     48.65606  eV     1   --> E''*           
     e(167 -167) =     48.80537  eV     1   --> E'*            
     e(168 -168) =     48.91536  eV     1   --> E'*            
     e(169 -169) =     49.12158  eV     1   --> E''            
     e(170 -170) =     49.49817  eV     1   --> A''            
     e(171 -171) =     49.65575  eV     1   --> E'             
     e(172 -172) =     49.77834  eV     1   --> E''            
     e(173 -173) =     49.78604  eV     1   --> A'             
     e(174 -174) =     49.94423  eV     1   --> A'             
     e(175 -175) =     50.00078  eV     1   --> E'*            
     e(176 -176) =     50.27273  eV     1   --> E''*           
     e(177 -177) =     50.45393  eV     1   --> E''*           
     e(178 -178) =     50.52420  eV     1   --> E'             
     e(179 -179) =     50.71141  eV     1   --> A''            
     e(180 -180) =     51.00841  eV     1   --> A'             
     e(181 -181) =     51.02900  eV     1   --> E''            
     e(182 -182) =     51.59368  eV     1   --> A''            
     e(183 -183) =     51.63385  eV     1   --> E'*            
     e(184 -184) =     51.70366  eV     1   --> E''*           
     e(185 -185) =     51.78510  eV     1   --> E'             
     e(186 -186) =     52.26062  eV     1   --> A'             
     e(187 -187) =     52.40736  eV     1   --> E''            
     e(188 -188) =     52.46224  eV     1   --> E'             
     e(189 -189) =     52.83709  eV     1   --> E'*            
     e(190 -190) =     53.17964  eV     1   --> E''*           
     e(191 -191) =     53.23837  eV     1   --> A''            
     e(192 -192) =     53.27208  eV     1   --> E''            
     e(193 -193) =     53.43943  eV     1   --> A''            
     e(194 -194) =     53.82395  eV     1   --> E''            
     e(195 -195) =     53.83025  eV     1   --> E'             
     e(196 -196) =     54.19385  eV     1   --> A'             
     e(197 -197) =     54.21977  eV     1   --> E''*           
     e(198 -198) =     54.25209  eV     1   --> E'*            
     e(199 -199) =     54.60340  eV     1   --> E''            
     e(200 -200) =     54.66286  eV     1   --> A'             

 **************************************************************************

 **************************************************************************

                    xk=(  -0.33333,  -0.57735,   0.07420  )

     Band symmetry, C_3h (-6)   point group:

     e(  1 -  1) =    -66.62986  eV     1   --> E''            
     e(  2 -  2) =    -40.94751  eV     1   --> E''*           
     e(  3 -  3) =    -40.89743  eV     1   --> A''            
     e(  4 -  4) =    -40.78880  eV     1   --> E'             
     e(  5 -  5) =    -17.87509  eV     1   --> E''*           
     e(  6 -  6) =    -17.85265  eV     1   --> E'*            
     e(  7 -  7) =    -11.56091  eV     1   --> A'             
     e(  8 -  8) =    -10.69202  eV     1   --> E''            
     e(  9 -  9) =    -10.16677  eV     1   --> A''            
     e( 10 - 10) =     -9.53417  eV     1   --> E''*           
     e( 11 - 11) =     -8.91248  eV     1   --> E'             
     e( 12 - 12) =     -8.14341  eV     1   --> E'*            
     e( 13 - 13) =     -5.96502  eV     1   --> A''            
     e( 14 - 14) =     -4.15966  eV     1   --> E''            
     e( 15 - 15) =     -2.90728  eV     1   --> A'             
     e( 16 - 16) =     -2.24743  eV     1   --> E''*           
     e( 17 - 17) =     -0.83149  eV     1   --> E'*            
     e( 18 - 18) =      1.33992  eV     1   --> A''            
     e( 19 - 19) =      1.62573  eV     1   --> E''            
     e( 20 - 20) =      3.65190  eV     1   --> E'             
     e( 21 - 21) =      4.63644  eV     1   --> E''*           
     e( 22 - 22) =      5.38710  eV     1   --> A'             
     e( 23 - 23) =      5.72974  eV     1   --> A'             
     e( 24 - 24) =      5.97142  eV     1   --> A''            
     e( 25 - 25) =      6.04076  eV     1   --> E'*            
     e( 26 - 26) =      6.41328  eV     1   --> E''            
     e( 27 - 27) =      6.97624  eV     1   --> E'             
     e( 28 - 28) =      7.21574  eV     1   --> E''*           
     e( 29 - 29) =      7.48234  eV     1   --> A''            
     e( 30 - 30) =      7.48830  eV     1   --> E'             
     e( 31 - 31) =      7.51530  eV     1   --> E''            
     e( 32 - 32) =      7.84586  eV     1   --> A'             
     e( 33 - 33) =      8.40934  eV     1   --> E'*            
     e( 34 - 34) =      9.18644  eV     1   --> A''            
     e( 35 - 35) =      9.45778  eV     1   --> E''            
     e( 36 - 36) =      9.67490  eV     1   --> E''*           
     e( 37 - 37) =      9.88176  eV     1   --> E'             
     e( 38 - 38) =     10.55516  eV     1   --> A'             
     e( 39 - 39) =     10.92562  eV     1   --> E'*            
     e( 40 - 40) =     11.69540  eV     1   --> A''            
     e( 41 - 41) =     12.61011  eV     1   --> E''            
     e( 42 - 42) =     12.87763  eV     1   --> E''*           
     e( 43 - 43) =     13.46615  eV     1   --> E'             
     e( 44 - 44) =     13.48015  eV     1   --> E''*           
     e( 45 - 45) =     13.79235  eV     1   --> E'*            
     e( 46 - 46) =     14.18266  eV     1   --> A'             
     e( 47 - 47) =     14.61170  eV     1   --> A''            
     e( 48 - 48) =     16.04198  eV     1   --> E''            
     e( 49 - 49) =     17.44461  eV     1   --> E'*            
     e( 50 - 50) =     17.64582  eV     1   --> E'             
     e( 51 - 51) =     17.94785  eV     1   --> E''*           
     e( 52 - 52) =     18.07399  eV     1   --> A''            
     e( 53 - 53) =     18.10015  eV     1   --> A'             
     e( 54 - 54) =     18.99547  eV     1   --> A'             
     e( 55 - 55) =     19.12865  eV     1   --> E''            
     e( 56 - 56) =     19.63281  eV     1   --> A''            
     e( 57 - 57) =     19.76723  eV     1   --> E''            
     e( 58 - 58) =     20.13901  eV     1   --> E'             
     e( 59 - 59) =     20.72078  eV     1   --> E'*            
     e( 60 - 60) =     21.12115  eV     1   --> A'             
     e( 61 - 61) =     21.58865  eV     1   --> E'             
     e( 62 - 62) =     21.68066  eV     1   --> E''*           
     e( 63 - 63) =     21.92372  eV     1   --> A''            
     e( 64 - 64) =     22.13912  eV     1   --> E''            
     e( 65 - 65) =     22.57011  eV     1   --> E''*           
     e( 66 - 66) =     22.69210  eV     1   --> A'             
     e( 67 - 67) =     23.14709  eV     1   --> E'*            
     e( 68 - 68) =     23.47323  eV     1   --> E'             
     e( 69 - 69) =     23.55558  eV     1   --> E''            
     e( 70 - 70) =     24.47900  eV     1   --> E'*            
     e( 71 - 71) =     24.86826  eV     1   --> E''*           
     e( 72 - 72) =     24.96413  eV     1   --> E'             
     e( 73 - 73) =     25.15171  eV     1   --> A''            
     e( 74 - 74) =     25.87874  eV     1   --> A'             
     e( 75 - 75) =     26.50997  eV     1   --> A''            
     e( 76 - 76) =     26.58031  eV     1   --> E''            
     e( 77 - 77) =     26.75019  eV     1   --> A'             
     e( 78 - 78) =     26.82514  eV     1   --> E''            
     e( 79 - 79) =     26.94711  eV     1   --> E'*            
     e( 80 - 80) =     27.24539  eV     1   --> E''*           
     e( 81 - 81) =     27.34101  eV     1   --> E'             
     e( 82 - 82) =     28.10981  eV     1   --> E'*            
     e( 83 - 83) =     28.34807  eV     1   --> A''            
     e( 84 - 84) =     28.59554  eV     1   --> E''*           
     e( 85 - 85) =     28.70511  eV     1   --> E''            
     e( 86 - 86) =     28.73104  eV     1   --> E'             
     e( 87 - 87) =     29.14753  eV     1   --> A'             
     e( 88 - 88) =     29.31700  eV     1   --> E''            
     e( 89 - 89) =     29.77202  eV     1   --> E''*           
     e( 90 - 90) =     29.81554  eV     1   --> E'             
     e( 91 - 91) =     29.82121  eV     1   --> E'*            
     e( 92 - 92) =     29.87836  eV     1   --> A''            
     e( 93 - 93) =     30.60482  eV     1   --> A''            
     e( 94 - 94) =     30.92281  eV     1   --> A'             
     e( 95 - 95) =     30.92331  eV     1   --> E'*            
     e( 96 - 96) =     31.36479  eV     1   --> E''*           
     e( 97 - 97) =     32.30621  eV     1   --> A''            
     e( 98 - 98) =     32.42207  eV     1   --> E''            
     e( 99 - 99) =     32.46558  eV     1   --> A'             
     e(100 -100) =     32.63856  eV     1   --> E'             
     e(101 -101) =     32.87374  eV     1   --> A'             
     e(102 -102) =     33.17930  eV     1   --> E'*            
     e(103 -103) =     33.39668  eV     1   --> E''*           
     e(104 -104) =     33.47087  eV     1   --> E''            
     e(105 -105) =     33.51370  eV     1   --> E'*            
     e(106 -106) =     33.86617  eV     1   --> E'             
     e(107 -107) =     34.39206  eV     1   --> E''*           
     e(108 -108) =     34.41419  eV     1   --> A''            
     e(109 -109) =     35.46914  eV     1   --> E'*            
     e(110 -110) =     35.69647  eV     1   --> A''            
     e(111 -111) =     35.77394  eV     1   --> E'             
     e(112 -112) =     35.91010  eV     1   --> E''            
     e(113 -113) =     36.75360  eV     1   --> A'             
     e(114 -114) =     36.98715  eV     1   --> E'             
     e(115 -115) =     37.08241  eV     1   --> A''            
     e(116 -116) =     37.19415  eV     1   --> E''*           
     e(117 -117) =     37.21698  eV     1   --> A'             
     e(118 -118) =     37.77056  eV     1   --> E'             
     e(119 -119) =     37.81500  eV     1   --> E''            
     e(120 -120) =     38.59265  eV     1   --> E'*            
     e(121 -121) =     38.81900  eV     1   --> A'             
     e(122 -122) =     39.03583  eV     1   --> E''*           
     e(123 -123) =     39.09849  eV     1   --> A''            
     e(124 -124) =     39.10466  eV     1   --> E'*            
     e(125 -125) =     39.68318  eV     1   --> E''            
     e(126 -126) =     39.96661  eV     1   --> E''*           
     e(127 -127) =     40.93076  eV     1   --> E'             
     e(128 -128) =     41.09598  eV     1   --> E'*            
     e(129 -129) =     41.14566  eV     1   --> E''*           
     e(130 -130) =     41.48853  eV     1   --> A'             
     e(131 -131) =     41.71091  eV     1   --> A''            
     e(132 -132) =     42.11728  eV     1   --> E'             
     e(133 -133) =     42.15416  eV     1   --> E''            
     e(134 -134) =     42.63652  eV     1   --> E'*            
     e(135 -135) =     43.13500  eV     1   --> A''            
     e(136 -136) =     43.15727  eV     1   --> A'             
     e(137 -137) =     43.69038  eV     1   --> E''*           
     e(138 -138) =     43.83331  eV     1   --> E''            
     e(139 -139) =     44.11896  eV     1   --> A'             
     e(140 -140) =     44.64409  eV     1   --> E'             
     e(141 -141) =     44.85486  eV     1   --> E'*            
     e(142 -142) =     45.09502  eV     1   --> E''            
     e(143 -143) =     45.12922  eV     1   --> A''            
     e(144 -144) =     45.29221  eV     1   --> E''*           
     e(145 -145) =     45.56386  eV     1   --> E'             
     e(146 -146) =     45.59573  eV     1   --> A'             
     e(147 -147) =     46.08842  eV     1   --> E''*           
     e(148 -148) =     46.14863  eV     1   --> E''            
     e(149 -149) =     46.15238  eV     1   --> A''            
     e(150 -150) =     46.47165  eV     1   --> A'             
     e(151 -151) =     46.70211  eV     1   --> E'             
     e(152 -152) =     46.73283  eV     1   --> E'*            
     e(153 -153) =     46.99700  eV     1   --> E'*            
     e(154 -154) =     47.22731  eV     1   --> A''            
     e(155 -155) =     47.41351  eV     1   --> E''            
     e(156 -156) =     47.50243  eV     1   --> E''*           
     e(157 -157) =     47.59796  eV     1   --> E'*            
     e(158 -158) =     47.62756  eV     1   --> E'             
     e(159 -159) =     47.93627  eV     1   --> E''*           
     e(160 -160) =     48.12779  eV     1   --> A''            
     e(161 -161) =     48.17234  eV     1   --> A'             
     e(162 -162) =     48.46845  eV     1   --> E''            
     e(163 -163) =     48.47924  eV     1   --> A'             
     e(164 -164) =     48.52819  eV     1   --> E'*            
     e(165 -165) =     48.64577  eV     1   --> A''            
     e(166 -166) =     48.65606  eV     1   --> E''            
     e(167 -167) =     48.80537  eV     1   --> E'             
     e(168 -168) =     48.91536  eV     1   --> E'             
     e(169 -169) =     49.12158  eV     1   --> E''*           
     e(170 -170) =     49.49817  eV     1   --> A''            
     e(171 -171) =     49.65575  eV     1   --> E'*            
     e(172 -172) =     49.77834  eV     1   --> E''*           
     e(173 -173) =     49.78604  eV     1   --> A'             
     e(174 -174) =     49.94423  eV     1   --> A'             
     e(175 -175) =     50.00078  eV     1   --> E'             
     e(176 -176) =     50.27273  eV     1   --> E''            
     e(177 -177) =     50.45393  eV     1   --> E''            
     e(178 -178) =     50.52420  eV     1   --> E'*            
     e(179 -179) =     50.71141  eV     1   --> A''            
     e(180 -180) =     51.00841  eV     1   --> A'             
     e(181 -181) =     51.02900  eV     1   --> E''*           
     e(182 -182) =     51.59368  eV     1   --> A''            
     e(183 -183) =     51.63385  eV     1   --> E'             
     e(184 -184) =     51.70366  eV     1   --> E''            
     e(185 -185) =     51.78510  eV     1   --> E'*            
     e(186 -186) =     52.26062  eV     1   --> A'             
     e(187 -187) =     52.40736  eV     1   --> E''*           
     e(188 -188) =     52.46224  eV     1   --> E'*            
     e(189 -189) =     52.83709  eV     1   --> E'             
     e(190 -190) =     53.17964  eV     1   --> E''            
     e(191 -191) =     53.23837  eV     1   --> A''            
     e(192 -192) =     53.27208  eV     1   --> E''*           
     e(193 -193) =     53.43943  eV     1   --> A''            
     e(194 -194) =     53.82395  eV     1   --> E''*           
     e(195 -195) =     53.83025  eV     1   --> E'*            
     e(196 -196) =     54.19385  eV     1   --> A'             
     e(197 -197) =     54.21977  eV     1   --> E''            
     e(198 -198) =     54.25209  eV     1   --> E'             
     e(199 -199) =     54.60340  eV     1   --> E''*           
     e(200 -200) =     54.66286  eV     1   --> A'             

 **************************************************************************

 **************************************************************************

                    xk=(   0.33333,   0.57735,   0.00000  )

     Band symmetry, C_3h (-6)   point group:

     e(  1 -  1) =    -66.62986  eV     1   --> E'*            
     e(  2 -  2) =    -40.94751  eV     1   --> E'             
     e(  3 -  3) =    -40.89743  eV     1   --> A'             
     e(  4 -  4) =    -40.78880  eV     1   --> E''*           
     e(  5 -  5) =    -17.87509  eV     1   --> E'             
     e(  6 -  6) =    -17.85265  eV     1   --> E''            
     e(  7 -  7) =    -11.56091  eV     1   --> A''            
     e(  8 -  8) =    -10.69202  eV     1   --> E'*            
     e(  9 -  9) =    -10.16677  eV     1   --> A'             
     e( 10 - 10) =     -9.53417  eV     1   --> E'             
     e( 11 - 11) =     -8.91248  eV     1   --> E''*           
     e( 12 - 12) =     -8.14341  eV     1   --> E''            
     e( 13 - 13) =     -5.96502  eV     1   --> A'             
     e( 14 - 14) =     -4.15966  eV     1   --> E'*            
     e( 15 - 15) =     -2.90728  eV     1   --> A''            
     e( 16 - 16) =     -2.24743  eV     1   --> E'             
     e( 17 - 17) =     -0.83150  eV     1   --> E''            
     e( 18 - 18) =      1.33992  eV     1   --> A'             
     e( 19 - 19) =      1.62573  eV     1   --> E'*            
     e( 20 - 20) =      3.65190  eV     1   --> E''*           
     e( 21 - 21) =      4.63644  eV     1   --> E'             
     e( 22 - 22) =      5.38710  eV     1   --> A''            
     e( 23 - 23) =      5.72974  eV     1   --> A''            
     e( 24 - 24) =      5.97141  eV     1   --> A'             
     e( 25 - 25) =      6.04077  eV     1   --> E''            
     e( 26 - 26) =      6.41327  eV     1   --> E'*            
     e( 27 - 27) =      6.97626  eV     1   --> E''*           
     e( 28 - 28) =      7.21568  eV     1   --> E'             
     e( 29 - 29) =      7.48228  eV     1   --> A'             
     e( 30 - 30) =      7.48836  eV     1   --> E''*           
     e( 31 - 31) =      7.51524  eV     1   --> E'*            
     e( 32 - 32) =      7.84601  eV     1   --> A''            
     e( 33 - 33) =      8.40960  eV     1   --> E''            
     e( 34 - 34) =      9.18604  eV     1   --> A'             
     e( 35 - 35) =      9.45720  eV     1   --> E'*            
     e( 36 - 36) =      9.67415  eV     1   --> E'             
     e( 37 - 37) =      9.88260  eV     1   --> E''*           
     e( 38 - 38) =     10.55638  eV     1   --> A''            
     e( 39 - 39) =     10.92678  eV     1   --> E''            
     e( 40 - 40) =     11.69359  eV     1   --> A'             
     e( 41 - 41) =     12.60658  eV     1   --> E'*            
     e( 42 - 42) =     12.87726  eV     1   --> E'             
     e( 43 - 43) =     13.47233  eV     1   --> E''*           
     e( 44 - 44) =     13.47398  eV     1   --> E'             
     e( 45 - 45) =     13.79847  eV     1   --> E''            
     e( 46 - 46) =     14.19135  eV     1   --> A''            
     e( 47 - 47) =     14.60329  eV     1   --> A'             
     e( 48 - 48) =     16.02389  eV     1   --> E'*            
     e( 49 - 49) =     17.48647  eV     1   --> E''            
     e( 50 - 50) =     17.70015  eV     1   --> E''*           
     e( 51 - 51) =     17.88379  eV     1   --> E'             
     e( 52 - 52) =     18.01669  eV     1   --> A'             
     e( 53 - 53) =     18.14763  eV     1   --> A''            
     e( 54 - 54) =     19.03067  eV     1   --> A''            
     e( 55 - 55) =     19.08561  eV     1   --> E'*            
     e( 56 - 56) =     19.63148  eV     1   --> A'             
     e( 57 - 57) =     19.68192  eV     1   --> E'*            
     e( 58 - 58) =     20.15523  eV     1   --> E''*           
     e( 59 - 59) =     20.97995  eV     1   --> E''            
     e( 60 - 60) =     21.24974  eV     1   --> A''            
     e( 61 - 61) =     21.36690  eV     1   --> E'             
     e( 62 - 62) =     21.45355  eV     1   --> A'             
     e( 63 - 63) =     22.05233  eV     1   --> E'*            
     e( 64 - 64) =     22.08497  eV     1   --> E''*           
     e( 65 - 65) =     22.43289  eV     1   --> E'             
     e( 66 - 66) =     22.66447  eV     1   --> E'*            
     e( 67 - 67) =     23.68140  eV     1   --> A''            
     e( 68 - 68) =     23.70668  eV     1   --> E'             
     e( 69 - 69) =     23.84356  eV     1   --> E''*           
     e( 70 - 70) =     23.88041  eV     1   --> E''            
     e( 71 - 71) =     23.96415  eV     1   --> A'             
     e( 72 - 72) =     25.25700  eV     1   --> E''            
     e( 73 - 73) =     25.44434  eV     1   --> E'*            
     e( 74 - 74) =     26.00256  eV     1   --> A'             
     e( 75 - 75) =     26.45481  eV     1   --> E''*           
     e( 76 - 76) =     26.70893  eV     1   --> A''            
     e( 77 - 77) =     26.74315  eV     1   --> E'*            
     e( 78 - 78) =     26.94918  eV     1   --> E'             
     e( 79 - 79) =     27.26771  eV     1   --> E'             
     e( 80 - 80) =     27.34263  eV     1   --> E''*           
     e( 81 - 81) =     27.46178  eV     1   --> E''            
     e( 82 - 82) =     27.76137  eV     1   --> A''            
     e( 83 - 83) =     27.85602  eV     1   --> E'*            
     e( 84 - 84) =     27.98228  eV     1   --> A'             
     e( 85 - 85) =     28.75298  eV     1   --> A'             
     e( 86 - 86) =     29.07362  eV     1   --> E''            
     e( 87 - 87) =     29.15092  eV     1   --> A''            
     e( 88 - 88) =     29.19140  eV     1   --> E'*            
     e( 89 - 89) =     29.47805  eV     1   --> E''*           
     e( 90 - 90) =     29.67383  eV     1   --> E'             
     e( 91 - 91) =     30.33191  eV     1   --> E''            
     e( 92 - 92) =     30.45840  eV     1   --> E''*           
     e( 93 - 93) =     30.58640  eV     1   --> A'             
     e( 94 - 94) =     30.92785  eV     1   --> E''            
     e( 95 - 95) =     31.10718  eV     1   --> E'             
     e( 96 - 96) =     31.64455  eV     1   --> E'*            
     e( 97 - 97) =     31.96214  eV     1   --> A''            
     e( 98 - 98) =     32.26359  eV     1   --> A'             
     e( 99 - 99) =     32.58246  eV     1   --> E'             
     e(100 -100) =     32.62682  eV     1   --> A''            
     e(101 -101) =     32.63772  eV     1   --> E'*            
     e(102 -102) =     33.15424  eV     1   --> E''*           
     e(103 -103) =     33.16371  eV     1   --> A'             
     e(104 -104) =     33.19363  eV     1   --> E''            
     e(105 -105) =     33.56911  eV     1   --> A''            
     e(106 -106) =     33.67916  eV     1   --> E'             
     e(107 -107) =     34.60013  eV     1   --> E''*           
     e(108 -108) =     34.88637  eV     1   --> E''            
     e(109 -109) =     35.17618  eV     1   --> A'             
     e(110 -110) =     35.85466  eV     1   --> E''*           
     e(111 -111) =     35.88058  eV     1   --> E'*            
     e(112 -112) =     36.02660  eV     1   --> E''            
     e(113 -113) =     36.75361  eV     1   --> E'*            
     e(114 -114) =     36.78058  eV     1   --> A''            
     e(115 -115) =     36.84532  eV     1   --> E'             
     e(116 -116) =     36.94935  eV     1   --> A'             
     e(117 -117) =     37.77225  eV     1   --> E''*           
     e(118 -118) =     38.03448  eV     1   --> E'             
     e(119 -119) =     38.41110  eV     1   --> E''*           
     e(120 -120) =     38.61940  eV     1   --> E'*            
     e(121 -121) =     38.73147  eV     1   --> A'             
     e(122 -122) =     38.83508  eV     1   --> A''            
     e(123 -123) =     39.10257  eV     1   --> E''            
     e(124 -124) =     39.34658  eV     1   --> E'             
     e(125 -125) =     39.45741  eV     1   --> E''            
     e(126 -126) =     39.46555  eV     1   --> A''            
     e(127 -127) =     39.59291  eV     1   --> A'             
     e(128 -128) =     40.90776  eV     1   --> E'             
     e(129 -129) =     41.46269  eV     1   --> E'*            
     e(130 -130) =     41.90682  eV     1   --> A''            
     e(131 -131) =     42.10274  eV     1   --> E''*           
     e(132 -132) =     42.41977  eV     1   --> A'             
     e(133 -133) =     42.63350  eV     1   --> E'             
     e(134 -134) =     42.68877  eV     1   --> E'*            
     e(135 -135) =     43.13490  eV     1   --> E''            
     e(136 -136) =     43.15797  eV     1   --> E'             
     e(137 -137) =     43.59943  eV     1   --> E'*            
     e(138 -138) =     43.76931  eV     1   --> E''*           
     e(139 -139) =     43.83179  eV     1   --> E''            
     e(140 -140) =     44.30512  eV     1   --> A'             
     e(141 -141) =     44.90828  eV     1   --> A''            
     e(142 -142) =     45.19264  eV     1   --> E'             
     e(143 -143) =     45.51168  eV     1   --> A'             
     e(144 -144) =     45.70642  eV     1   --> E''            
     e(145 -145) =     45.72526  eV     1   --> A'             
     e(146 -146) =     45.84658  eV     1   --> A''            
     e(147 -147) =     45.89011  eV     1   --> E'*            
     e(148 -148) =     46.07367  eV     1   --> E''*           
     e(149 -149) =     46.08471  eV     1   --> E'*            
     e(150 -150) =     46.18317  eV     1   --> E''*           
     e(151 -151) =     46.35025  eV     1   --> A''            
     e(152 -152) =     46.92281  eV     1   --> A'             
     e(153 -153) =     46.96579  eV     1   --> E'             
     e(154 -154) =     47.12699  eV     1   --> E''*           
     e(155 -155) =     47.13991  eV     1   --> A''            
     e(156 -156) =     47.14522  eV     1   --> E''            
     e(157 -157) =     47.30705  eV     1   --> E'             
     e(158 -158) =     47.74895  eV     1   --> E'*            
     e(159 -159) =     47.79669  eV     1   --> E''            
     e(160 -160) =     47.94738  eV     1   --> E'*            
     e(161 -161) =     48.21006  eV     1   --> A'             
     e(162 -162) =     48.32382  eV     1   --> A''            
     e(163 -163) =     48.43278  eV     1   --> E'             
     e(164 -164) =     48.51493  eV     1   --> E''*           
     e(165 -165) =     48.68793  eV     1   --> A'             
     e(166 -166) =     48.69978  eV     1   --> E'*            
     e(167 -167) =     48.88237  eV     1   --> A''            
     e(168 -168) =     48.99172  eV     1   --> E''            
     e(169 -169) =     49.21021  eV     1   --> E''*           
     e(170 -170) =     49.21297  eV     1   --> E'             
     e(171 -171) =     49.64149  eV     1   --> E''            
     e(172 -172) =     49.77084  eV     1   --> A'             
     e(173 -173) =     50.00742  eV     1   --> E''            
     e(174 -174) =     50.14940  eV     1   --> E'*            
     e(175 -175) =     50.22858  eV     1   --> E'             
     e(176 -176) =     50.44625  eV     1   --> E''*           
     e(177 -177) =     50.71417  eV     1   --> A''            
     e(178 -178) =     50.78665  eV     1   --> E'             
     e(179 -179) =     50.99940  eV     1   --> A''            
     e(180 -180) =     51.30477  eV     1   --> E''            
     e(181 -181) =     51.36099  eV     1   --> A'             
     e(182 -182) =     51.43935  eV     1   --> E''*           
     e(183 -183) =     51.69128  eV     1   --> E'*            
     e(184 -184) =     51.87101  eV     1   --> E'*            
     e(185 -185) =     51.90715  eV     1   --> A'             
     e(186 -186) =     52.14139  eV     1   --> E''*           
     e(187 -187) =     52.22793  eV     1   --> E'             
     e(188 -188) =     52.68429  eV     1   --> E'             
     e(189 -189) =     52.69583  eV     1   --> A''            
     e(190 -190) =     52.71111  eV     1   --> E''            
     e(191 -191) =     53.07752  eV     1   --> A''            
     e(192 -192) =     53.11972  eV     1   --> A'             
     e(193 -193) =     53.20222  eV     1   --> E''*           
     e(194 -194) =     53.33206  eV     1   --> E'*            
     e(195 -195) =     53.52834  eV     1   --> E''            
     e(196 -196) =     54.07535  eV     1   --> E'*            
     e(197 -197) =     54.17065  eV     1   --> A'             
     e(198 -198) =     54.56302  eV     1   --> E'             
     e(199 -199) =     54.67391  eV     1   --> A''            
     e(200 -200) =     54.76348  eV     1   --> E''            

 **************************************************************************

 **************************************************************************

                    xk=(  -0.33333,  -0.57735,   0.00000  )

     Band symmetry, C_3h (-6)   point group:

     e(  1 -  1) =    -66.62986  eV     1   --> E'             
     e(  2 -  2) =    -40.94751  eV     1   --> E'*            
     e(  3 -  3) =    -40.89743  eV     1   --> A'             
     e(  4 -  4) =    -40.78880  eV     1   --> E''            
     e(  5 -  5) =    -17.87509  eV     1   --> E'*            
     e(  6 -  6) =    -17.85265  eV     1   --> E''*           
     e(  7 -  7) =    -11.56091  eV     1   --> A''            
     e(  8 -  8) =    -10.69202  eV     1   --> E'             
     e(  9 -  9) =    -10.16677  eV     1   --> A'             
     e( 10 - 10) =     -9.53417  eV     1   --> E'*            
     e( 11 - 11) =     -8.91248  eV     1   --> E''            
     e( 12 - 12) =     -8.14341  eV     1   --> E''*           
     e( 13 - 13) =     -5.96502  eV     1   --> A'             
     e( 14 - 14) =     -4.15966  eV     1   --> E'             
     e( 15 - 15) =     -2.90728  eV     1   --> A''            
     e( 16 - 16) =     -2.24743  eV     1   --> E'*            
     e( 17 - 17) =     -0.83150  eV     1   --> E''*           
     e( 18 - 18) =      1.33992  eV     1   --> A'             
     e( 19 - 19) =      1.62573  eV     1   --> E'             
     e( 20 - 20) =      3.65190  eV     1   --> E''            
     e( 21 - 21) =      4.63644  eV     1   --> E'*            
     e( 22 - 22) =      5.38710  eV     1   --> A''            
     e( 23 - 23) =      5.72974  eV     1   --> A''            
     e( 24 - 24) =      5.97141  eV     1   --> A'             
     e( 25 - 25) =      6.04077  eV     1   --> E''*           
     e( 26 - 26) =      6.41327  eV     1   --> E'             
     e( 27 - 27) =      6.97626  eV     1   --> E''            
     e( 28 - 28) =      7.21568  eV     1   --> E'*            
     e( 29 - 29) =      7.48228  eV     1   --> A'             
     e( 30 - 30) =      7.48836  eV     1   --> E''            
     e( 31 - 31) =      7.51524  eV     1   --> E'             
     e( 32 - 32) =      7.84601  eV     1   --> A''            
     e( 33 - 33) =      8.40960  eV     1   --> E''*           
     e( 34 - 34) =      9.18604  eV     1   --> A'             
     e( 35 - 35) =      9.45720  eV     1   --> E'             
     e( 36 - 36) =      9.67415  eV     1   --> E'*            
     e( 37 - 37) =      9.88260  eV     1   --> E''            
     e( 38 - 38) =     10.55638  eV     1   --> A''            
     e( 39 - 39) =     10.92678  eV     1   --> E''*           
     e( 40 - 40) =     11.69359  eV     1   --> A'             
     e( 41 - 41) =     12.60658  eV     1   --> E'             
     e( 42 - 42) =     12.87726  eV     1   --> E'*            
     e( 43 - 43) =     13.47233  eV     1   --> E''            
     e( 44 - 44) =     13.47398  eV     1   --> E'*            
     e( 45 - 45) =     13.79847  eV     1   --> E''*           
     e( 46 - 46) =     14.19135  eV     1   --> A''            
     e( 47 - 47) =     14.60329  eV     1   --> A'             
     e( 48 - 48) =     16.02389  eV     1   --> E'             
     e( 49 - 49) =     17.48647  eV     1   --> E''*           
     e( 50 - 50) =     17.70015  eV     1   --> E''            
     e( 51 - 51) =     17.88379  eV     1   --> E'*            
     e( 52 - 52) =     18.01669  eV     1   --> A'             
     e( 53 - 53) =     18.14763  eV     1   --> A''            
     e( 54 - 54) =     19.03067  eV     1   --> A''            
     e( 55 - 55) =     19.08561  eV     1   --> E'             
     e( 56 - 56) =     19.63148  eV     1   --> A'             
     e( 57 - 57) =     19.68192  eV     1   --> E'             
     e( 58 - 58) =     20.15523  eV     1   --> E''            
     e( 59 - 59) =     20.97995  eV     1   --> E''*           
     e( 60 - 60) =     21.24974  eV     1   --> A''            
     e( 61 - 61) =     21.36690  eV     1   --> E'*            
     e( 62 - 62) =     21.45355  eV     1   --> A'             
     e( 63 - 63) =     22.05233  eV     1   --> E'             
     e( 64 - 64) =     22.08497  eV     1   --> E''            
     e( 65 - 65) =     22.43289  eV     1   --> E'*            
     e( 66 - 66) =     22.66447  eV     1   --> E'             
     e( 67 - 67) =     23.68140  eV     1   --> A''            
     e( 68 - 68) =     23.70668  eV     1   --> E'*            
     e( 69 - 69) =     23.84356  eV     1   --> E''            
     e( 70 - 70) =     23.88041  eV     1   --> E''*           
     e( 71 - 71) =     23.96415  eV     1   --> A'             
     e( 72 - 72) =     25.25700  eV     1   --> E''*           
     e( 73 - 73) =     25.44434  eV     1   --> E'             
     e( 74 - 74) =     26.00256  eV     1   --> A'             
     e( 75 - 75) =     26.45481  eV     1   --> E''            
     e( 76 - 76) =     26.70893  eV     1   --> A''            
     e( 77 - 77) =     26.74315  eV     1   --> E'             
     e( 78 - 78) =     26.94918  eV     1   --> E'*            
     e( 79 - 79) =     27.26771  eV     1   --> E'*            
     e( 80 - 80) =     27.34263  eV     1   --> E''            
     e( 81 - 81) =     27.46178  eV     1   --> E''*           
     e( 82 - 82) =     27.76137  eV     1   --> A''            
     e( 83 - 83) =     27.85602  eV     1   --> E'             
     e( 84 - 84) =     27.98228  eV     1   --> A'             
     e( 85 - 85) =     28.75298  eV     1   --> A'             
     e( 86 - 86) =     29.07362  eV     1   --> E''*           
     e( 87 - 87) =     29.15092  eV     1   --> A''            
     e( 88 - 88) =     29.19140  eV     1   --> E'             
     e( 89 - 89) =     29.47805  eV     1   --> E''            
     e( 90 - 90) =     29.67383  eV     1   --> E'*            
     e( 91 - 91) =     30.33191  eV     1   --> E''*           
     e( 92 - 92) =     30.45840  eV     1   --> E''            
     e( 93 - 93) =     30.58640  eV     1   --> A'             
     e( 94 - 94) =     30.92785  eV     1   --> E''*           
     e( 95 - 95) =     31.10718  eV     1   --> E'*            
     e( 96 - 96) =     31.64455  eV     1   --> E'             
     e( 97 - 97) =     31.96214  eV     1   --> A''            
     e( 98 - 98) =     32.26359  eV     1   --> A'             
     e( 99 - 99) =     32.58246  eV     1   --> E'*            
     e(100 -100) =     32.62682  eV     1   --> A''            
     e(101 -101) =     32.63772  eV     1   --> E'             
     e(102 -102) =     33.15424  eV     1   --> E''            
     e(103 -103) =     33.16371  eV     1   --> A'             
     e(104 -104) =     33.19363  eV     1   --> E''*           
     e(105 -105) =     33.56911  eV     1   --> A''            
     e(106 -106) =     33.67916  eV     1   --> E'*            
     e(107 -107) =     34.60013  eV     1   --> E''            
     e(108 -108) =     34.88637  eV     1   --> E''*           
     e(109 -109) =     35.17618  eV     1   --> A'             
     e(110 -110) =     35.85466  eV     1   --> E''            
     e(111 -111) =     35.88058  eV     1   --> E'             
     e(112 -112) =     36.02660  eV     1   --> E''*           
     e(113 -113) =     36.75361  eV     1   --> E'             
     e(114 -114) =     36.78058  eV     1   --> A''            
     e(115 -115) =     36.84532  eV     1   --> E'*            
     e(116 -116) =     36.94935  eV     1   --> A'             
     e(117 -117) =     37.77225  eV     1   --> E''            
     e(118 -118) =     38.03448  eV     1   --> E'*            
     e(119 -119) =     38.41110  eV     1   --> E''            
     e(120 -120) =     38.61940  eV     1   --> E'             
     e(121 -121) =     38.73147  eV     1   --> A'             
     e(122 -122) =     38.83508  eV     1   --> A''            
     e(123 -123) =     39.10257  eV     1   --> E''*           
     e(124 -124) =     39.34658  eV     1   --> E'*            
     e(125 -125) =     39.45741  eV     1   --> E''*           
     e(126 -126) =     39.46555  eV     1   --> A''            
     e(127 -127) =     39.59291  eV     1   --> A'             
     e(128 -128) =     40.90776  eV     1   --> E'*            
     e(129 -129) =     41.46269  eV     1   --> E'             
     e(130 -130) =     41.90682  eV     1   --> A''            
     e(131 -131) =     42.10274  eV     1   --> E''            
     e(132 -132) =     42.41977  eV     1   --> A'             
     e(133 -133) =     42.63350  eV     1   --> E'*            
     e(134 -134) =     42.68877  eV     1   --> E'             
     e(135 -135) =     43.13490  eV     1   --> E''*           
     e(136 -136) =     43.15797  eV     1   --> E'*            
     e(137 -137) =     43.59943  eV     1   --> E'             
     e(138 -138) =     43.76931  eV     1   --> E''            
     e(139 -139) =     43.83179  eV     1   --> E''*           
     e(140 -140) =     44.30512  eV     1   --> A'             
     e(141 -141) =     44.90828  eV     1   --> A''            
     e(142 -142) =     45.19264  eV     1   --> E'*            
     e(143 -143) =     45.51168  eV     1   --> A'             
     e(144 -144) =     45.70642  eV     1   --> E''*           
     e(145 -145) =     45.72526  eV     1   --> A'             
     e(146 -146) =     45.84658  eV     1   --> A''            
     e(147 -147) =     45.89011  eV     1   --> E'             
     e(148 -148) =     46.07367  eV     1   --> E''            
     e(149 -149) =     46.08471  eV     1   --> E'             
     e(150 -150) =     46.18317  eV     1   --> E''            
     e(151 -151) =     46.35025  eV     1   --> A''            
     e(152 -152) =     46.92281  eV     1   --> A'             
     e(153 -153) =     46.96579  eV     1   --> E'*            
     e(154 -154) =     47.12699  eV     1   --> E''            
     e(155 -155) =     47.13991  eV     1   --> A''            
     e(156 -156) =     47.14522  eV     1   --> E''*           
     e(157 -157) =     47.30705  eV     1   --> E'*            
     e(158 -158) =     47.74895  eV     1   --> E'             
     e(159 -159) =     47.79669  eV     1   --> E''*           
     e(160 -160) =     47.94738  eV     1   --> E'             
     e(161 -161) =     48.21006  eV     1   --> A'             
     e(162 -162) =     48.32382  eV     1   --> A''            
     e(163 -163) =     48.43278  eV     1   --> E'*            
     e(164 -164) =     48.51493  eV     1   --> E''            
     e(165 -165) =     48.68793  eV     1   --> A'             
     e(166 -166) =     48.69978  eV     1   --> E'             
     e(167 -167) =     48.88237  eV     1   --> A''            
     e(168 -168) =     48.99172  eV     1   --> E''*           
     e(169 -169) =     49.21021  eV     1   --> E''            
     e(170 -170) =     49.21297  eV     1   --> E'*            
     e(171 -171) =     49.64149  eV     1   --> E''*           
     e(172 -172) =     49.77084  eV     1   --> A'             
     e(173 -173) =     50.00742  eV     1   --> E''*           
     e(174 -174) =     50.14940  eV     1   --> E'             
     e(175 -175) =     50.22858  eV     1   --> E'*            
     e(176 -176) =     50.44625  eV     1   --> E''            
     e(177 -177) =     50.71417  eV     1   --> A''            
     e(178 -178) =     50.78665  eV     1   --> E'*            
     e(179 -179) =     50.99940  eV     1   --> A''            
     e(180 -180) =     51.30477  eV     1   --> E''*           
     e(181 -181) =     51.36099  eV     1   --> A'             
     e(182 -182) =     51.43935  eV     1   --> E''            
     e(183 -183) =     51.69128  eV     1   --> E'             
     e(184 -184) =     51.87101  eV     1   --> E'             
     e(185 -185) =     51.90715  eV     1   --> A'             
     e(186 -186) =     52.14139  eV     1   --> E''            
     e(187 -187) =     52.22793  eV     1   --> E'*            
     e(188 -188) =     52.68429  eV     1   --> E'*            
     e(189 -189) =     52.69583  eV     1   --> A''            
     e(190 -190) =     52.71111  eV     1   --> E''*           
     e(191 -191) =     53.07752  eV     1   --> A''            
     e(192 -192) =     53.11972  eV     1   --> A'             
     e(193 -193) =     53.20222  eV     1   --> E''            
     e(194 -194) =     53.33206  eV     1   --> E'             
     e(195 -195) =     53.52834  eV     1   --> E''*           
     e(196 -196) =     54.07535  eV     1   --> E'             
     e(197 -197) =     54.17065  eV     1   --> A'             
     e(198 -198) =     54.56302  eV     1   --> E'*            
     e(199 -199) =     54.67391  eV     1   --> A''            
     e(200 -200) =     54.76348  eV     1   --> E''*           

 **************************************************************************

 **************************************************************************

                    xk=(   0.50000,   0.28868,   0.07420  )

     point group C_2v (mm2) 
     there are  4 classes
     the character table:

       E     C2    s_v   s_v' 
A_1    1.00  1.00  1.00  1.00
A_2    1.00  1.00 -1.00 -1.00
B_1    1.00 -1.00  1.00 -1.00
B_2    1.00 -1.00 -1.00  1.00

     the symmetry operations in each class and the name of the first element:

     E        1
                                                                 
     C2       2
                                                                 
     s_v      3
                                                                 
     s_v'     4
                                                                 

     Band symmetry, C_2v (mm2)  point group:

     e(  1 -  1) =    -66.63555  eV     1   --> B_2  D_4  S_4  
     e(  2 -  2) =    -41.05368  eV     1   --> B_2  D_4  S_4  
     e(  3 -  3) =    -40.79987  eV     1   --> A_1  D_1  S_1  
     e(  4 -  4) =    -40.72129  eV     1   --> A_2  D_2  S_2  
     e(  5 -  5) =    -18.16905  eV     1   --> B_2  D_4  S_4  
     e(  6 -  6) =    -18.03135  eV     1   --> A_1  D_1  S_1  
     e(  7 -  7) =    -11.91590  eV     1   --> B_2  D_4  S_4  
     e(  8 -  8) =    -10.90801  eV     1   --> A_1  D_1  S_1  
     e(  9 -  9) =    -10.13015  eV     1   --> B_2  D_4  S_4  
     e( 10 - 10) =     -9.16923  eV     1   --> B_1  D_3  S_3  
     e( 11 - 11) =     -7.87712  eV     1   --> A_1  D_1  S_1  
     e( 12 - 12) =     -6.84770  eV     1   --> A_2  D_2  S_2  
     e( 13 - 13) =     -6.61866  eV     1   --> B_2  D_4  S_4  
     e( 14 - 14) =     -3.56056  eV     1   --> A_2  D_2  S_2  
     e( 15 - 15) =     -3.05197  eV     1   --> B_2  D_4  S_4  
     e( 16 - 16) =     -2.01172  eV     1   --> A_1  D_1  S_1  
     e( 17 - 17) =     -1.48425  eV     1   --> B_1  D_3  S_3  
     e( 18 - 18) =      0.21273  eV     1   --> B_2  D_4  S_4  
     e( 19 - 19) =      1.86218  eV     1   --> A_1  D_1  S_1  
     e( 20 - 20) =      2.34833  eV     1   --> B_2  D_4  S_4  
     e( 21 - 21) =      3.11326  eV     1   --> A_1  D_1  S_1  
     e( 22 - 22) =      3.78502  eV     1   --> B_2  D_4  S_4  
     e( 23 - 23) =      4.58845  eV     1   --> A_1  D_1  S_1  
     e( 24 - 24) =      5.17764  eV     1   --> B_2  D_4  S_4  
     e( 25 - 25) =      5.36324  eV     1   --> A_2  D_2  S_2  
     e( 26 - 26) =      5.69195  eV     1   --> B_2  D_4  S_4  
     e( 27 - 27) =      5.83000  eV     1   --> A_1  D_1  S_1  
     e( 28 - 28) =      7.02812  eV     1   --> A_1  D_1  S_1  
     e( 29 - 29) =      7.42251  eV     1   --> B_2  D_4  S_4  
     e( 30 - 30) =      7.93350  eV     1   --> B_2  D_4  S_4  
     e( 31 - 31) =      8.43765  eV     1   --> A_1  D_1  S_1  
     e( 32 - 32) =      9.68547  eV     1   --> B_1  D_3  S_3  
     e( 33 - 33) =     10.20885  eV     1   --> B_2  D_4  S_4  
     e( 34 - 34) =     10.25596  eV     1   --> A_1  D_1  S_1  
     e( 35 - 35) =     10.94649  eV     1   --> B_2  D_4  S_4  
     e( 36 - 36) =     11.38315  eV     1   --> A_2  D_2  S_2  
     e( 37 - 37) =     11.72800  eV     1   --> A_1  D_1  S_1  
     e( 38 - 38) =     12.12725  eV     1   --> B_1  D_3  S_3  
     e( 39 - 39) =     12.45988  eV     1   --> A_1  D_1  S_1  
     e( 40 - 40) =     13.06259  eV     1   --> B_2  D_4  S_4  
     e( 41 - 41) =     13.56557  eV     1   --> B_2  D_4  S_4  
     e( 42 - 42) =     13.71432  eV     1   --> A_1  D_1  S_1  
     e( 43 - 43) =     14.08261  eV     1   --> A_2  D_2  S_2  
     e( 44 - 44) =     14.14987  eV     1   --> A_1  D_1  S_1  
     e( 45 - 45) =     14.73695  eV     1   --> B_2  D_4  S_4  
     e( 46 - 46) =     15.24448  eV     1   --> B_1  D_3  S_3  
     e( 47 - 47) =     15.89595  eV     1   --> A_1  D_1  S_1  
     e( 48 - 48) =     16.26105  eV     1   --> A_2  D_2  S_2  
     e( 49 - 49) =     16.27518  eV     1   --> B_2  D_4  S_4  
     e( 50 - 50) =     16.67433  eV     1   --> A_1  D_1  S_1  
     e( 51 - 51) =     16.85865  eV     1   --> B_2  D_4  S_4  
     e( 52 - 52) =     17.17508  eV     1   --> B_2  D_4  S_4  
     e( 53 - 53) =     17.67198  eV     1   --> A_1  D_1  S_1  
     e( 54 - 54) =     17.71665  eV     1   --> B_1  D_3  S_3  
     e( 55 - 55) =     18.36810  eV     1   --> A_2  D_2  S_2  
     e( 56 - 56) =     18.62465  eV     1   --> B_2  D_4  S_4  
     e( 57 - 57) =     18.85299  eV     1   --> A_1  D_1  S_1  
     e( 58 - 58) =     18.87233  eV     1   --> A_2  D_2  S_2  
     e( 59 - 59) =     19.34818  eV     1   --> B_2  D_4  S_4  
     e( 60 - 60) =     19.42434  eV     1   --> B_1  D_3  S_3  
     e( 61 - 61) =     20.37281  eV     1   --> A_1  D_1  S_1  
     e( 62 - 62) =     20.92518  eV     1   --> A_1  D_1  S_1  
     e( 63 - 63) =     21.02208  eV     1   --> B_2  D_4  S_4  
     e( 64 - 64) =     21.33633  eV     1   --> B_1  D_3  S_3  
     e( 65 - 65) =     21.69673  eV     1   --> B_2  D_4  S_4  
     e( 66 - 66) =     22.19520  eV     1   --> A_1  D_1  S_1  
     e( 67 - 67) =     22.23589  eV     1   --> A_2  D_2  S_2  
     e( 68 - 68) =     22.67071  eV     1   --> B_2  D_4  S_4  
     e( 69 - 69) =     23.21774  eV     1   --> A_1  D_1  S_1  
     e( 70 - 70) =     23.38031  eV     1   --> A_1  D_1  S_1  
     e( 71 - 71) =     24.15548  eV     1   --> B_2  D_4  S_4  
     e( 72 - 72) =     24.70227  eV     1   --> A_1  D_1  S_1  
     e( 73 - 73) =     25.36486  eV     1   --> B_2  D_4  S_4  
     e( 74 - 74) =     25.52999  eV     1   --> B_2  D_4  S_4  
     e( 75 - 75) =     25.67341  eV     1   --> B_1  D_3  S_3  
     e( 76 - 76) =     26.00357  eV     1   --> A_1  D_1  S_1  
     e( 77 - 77) =     26.55330  eV     1   --> A_2  D_2  S_2  
     e( 78 - 78) =     26.66596  eV     1   --> A_1  D_1  S_1  
     e( 79 - 79) =     26.92684  eV     1   --> A_2  D_2  S_2  
     e( 80 - 80) =     26.94361  eV     1   --> B_2  D_4  S_4  
     e( 81 - 81) =     27.40770  eV     1   --> B_2  D_4  S_4  
     e( 82 - 82) =     27.90254  eV     1   --> B_2  D_4  S_4  
     e( 83 - 83) =     27.92619  eV     1   --> A_1  D_1  S_1  
     e( 84 - 84) =     28.14332  eV     1   --> B_1  D_3  S_3  
     e( 85 - 85) =     29.25479  eV     1   --> A_1  D_1  S_1  
     e( 86 - 86) =     29.82148  eV     1   --> B_2  D_4  S_4  
     e( 87 - 87) =     30.20533  eV     1   --> B_1  D_3  S_3  
     e( 88 - 88) =     30.24231  eV     1   --> A_1  D_1  S_1  
     e( 89 - 89) =     30.53683  eV     1   --> A_2  D_2  S_2  
     e( 90 - 90) =     30.76610  eV     1   --> B_2  D_4  S_4  
     e( 91 - 91) =     31.02080  eV     1   --> B_2  D_4  S_4  
     e( 92 - 92) =     31.27070  eV     1   --> A_1  D_1  S_1  
     e( 93 - 93) =     32.28202  eV     1   --> A_2  D_2  S_2  
     e( 94 - 94) =     32.32714  eV     1   --> A_1  D_1  S_1  
     e( 95 - 95) =     32.57842  eV     1   --> B_1  D_3  S_3  
     e( 96 - 96) =     32.85385  eV     1   --> A_1  D_1  S_1  
     e( 97 - 97) =     33.02685  eV     1   --> B_2  D_4  S_4  
     e( 98 - 98) =     33.07047  eV     1   --> A_2  D_2  S_2  
     e( 99 - 99) =     33.38848  eV     1   --> A_1  D_1  S_1  
     e(100 -100) =     33.62954  eV     1   --> B_1  D_3  S_3  
     e(101 -101) =     33.79453  eV     1   --> B_2  D_4  S_4  
     e(102 -102) =     34.11852  eV     1   --> B_2  D_4  S_4  
     e(103 -103) =     35.08023  eV     1   --> B_1  D_3  S_3  
     e(104 -104) =     35.09805  eV     1   --> A_1  D_1  S_1  
     e(105 -105) =     35.16585  eV     1   --> B_2  D_4  S_4  
     e(106 -106) =     35.23477  eV     1   --> A_1  D_1  S_1  
     e(107 -107) =     35.40199  eV     1   --> A_1  D_1  S_1  
     e(108 -108) =     35.46536  eV     1   --> A_2  D_2  S_2  
     e(109 -109) =     35.91688  eV     1   --> B_2  D_4  S_4  
     e(110 -110) =     35.92481  eV     1   --> A_2  D_2  S_2  
     e(111 -111) =     36.33110  eV     1   --> B_2  D_4  S_4  
     e(112 -112) =     36.34156  eV     1   --> B_1  D_3  S_3  
     e(113 -113) =     36.57876  eV     1   --> A_1  D_1  S_1  
     e(114 -114) =     36.61969  eV     1   --> A_2  D_2  S_2  
     e(115 -115) =     36.83733  eV     1   --> B_2  D_4  S_4  
     e(116 -116) =     36.99157  eV     1   --> B_1  D_3  S_3  
     e(117 -117) =     37.51013  eV     1   --> A_1  D_1  S_1  
     e(118 -118) =     37.67807  eV     1   --> B_1  D_3  S_3  
     e(119 -119) =     37.97523  eV     1   --> B_2  D_4  S_4  
     e(120 -120) =     38.08360  eV     1   --> A_2  D_2  S_2  
     e(121 -121) =     38.13741  eV     1   --> A_1  D_1  S_1  
     e(122 -122) =     38.56820  eV     1   --> B_2  D_4  S_4  
     e(123 -123) =     38.68067  eV     1   --> A_2  D_2  S_2  
     e(124 -124) =     38.80399  eV     1   --> A_1  D_1  S_1  
     e(125 -125) =     39.15563  eV     1   --> B_1  D_3  S_3  
     e(126 -126) =     39.34738  eV     1   --> A_1  D_1  S_1  
     e(127 -127) =     39.88571  eV     1   --> B_2  D_4  S_4  
     e(128 -128) =     40.24253  eV     1   --> B_1  D_3  S_3  
     e(129 -129) =     40.30981  eV     1   --> A_2  D_2  S_2  
     e(130 -130) =     40.49833  eV     1   --> A_1  D_1  S_1  
     e(131 -131) =     40.75219  eV     1   --> B_2  D_4  S_4  
     e(132 -132) =     41.16682  eV     1   --> B_2  D_4  S_4  
     e(133 -133) =     41.33026  eV     1   --> A_1  D_1  S_1  
     e(134 -134) =     41.38377  eV     1   --> B_1  D_3  S_3  
     e(135 -135) =     41.52646  eV     1   --> A_2  D_2  S_2  
     e(136 -136) =     41.94115  eV     1   --> B_2  D_4  S_4  
     e(137 -137) =     42.10328  eV     1   --> A_1  D_1  S_1  
     e(138 -138) =     42.39161  eV     1   --> A_2  D_2  S_2  
     e(139 -139) =     42.50135  eV     1   --> B_2  D_4  S_4  
     e(140 -140) =     42.67191  eV     1   --> B_1  D_3  S_3  
     e(141 -141) =     43.22146  eV     1   --> A_1  D_1  S_1  
     e(142 -142) =     43.58675  eV     1   --> A_2  D_2  S_2  
     e(143 -143) =     43.76096  eV     1   --> B_2  D_4  S_4  
     e(144 -144) =     43.81630  eV     1   --> A_1  D_1  S_1  
     e(145 -145) =     44.12797  eV     1   --> B_2  D_4  S_4  
     e(146 -146) =     44.15245  eV     1   --> B_1  D_3  S_3  
     e(147 -147) =     44.58029  eV     1   --> A_1  D_1  S_1  
     e(148 -148) =     44.66976  eV     1   --> A_2  D_2  S_2  
     e(149 -149) =     45.08756  eV     1   --> B_1  D_3  S_3  
     e(150 -150) =     45.32289  eV     1   --> B_2  D_4  S_4  
     e(151 -151) =     45.54439  eV     1   --> A_1  D_1  S_1  
     e(152 -152) =     45.81559  eV     1   --> B_2  D_4  S_4  
     e(153 -153) =     46.00115  eV     1   --> B_2  D_4  S_4  
     e(154 -154) =     46.15319  eV     1   --> A_2  D_2  S_2  
     e(155 -155) =     46.19344  eV     1   --> A_1  D_1  S_1  
     e(156 -156) =     46.34105  eV     1   --> A_1  D_1  S_1  
     e(157 -157) =     46.46036  eV     1   --> A_1  D_1  S_1  
     e(158 -158) =     46.55390  eV     1   --> B_1  D_3  S_3  
     e(159 -159) =     46.65572  eV     1   --> B_2  D_4  S_4  
     e(160 -160) =     46.86705  eV     1   --> B_2  D_4  S_4  
     e(161 -161) =     47.35118  eV     1   --> A_1  D_1  S_1  
     e(162 -162) =     47.60547  eV     1   --> B_1  D_3  S_3  
     e(163 -163) =     47.72151  eV     1   --> B_2  D_4  S_4  
     e(164 -164) =     47.78465  eV     1   --> A_1  D_1  S_1  
     e(165 -165) =     48.28097  eV     1   --> B_2  D_4  S_4  
     e(166 -166) =     48.54447  eV     1   --> B_2  D_4  S_4  
     e(167 -167) =     48.60926  eV     1   --> A_1  D_1  S_1  
     e(168 -168) =     48.72066  eV     1   --> A_2  D_2  S_2  
     e(169 -169) =     49.00741  eV     1   --> B_1  D_3  S_3  
     e(170 -170) =     49.26362  eV     1   --> A_1  D_1  S_1  
     e(171 -171) =     49.36682  eV     1   --> A_1  D_1  S_1  
     e(172 -172) =     49.47179  eV     1   --> A_2  D_2  S_2  
     e(173 -173) =     49.66689  eV     1   --> A_2  D_2  S_2  
     e(174 -174) =     49.83553  eV     1   --> B_2  D_4  S_4  
     e(175 -175) =     49.97702  eV     1   --> B_2  D_4  S_4  
     e(176 -176) =     50.39014  eV     1   --> A_1  D_1  S_1  
     e(177 -177) =     50.88859  eV     1   --> B_1  D_3  S_3  
     e(178 -178) =     50.98633  eV     1   --> A_1  D_1  S_1  
     e(179 -179) =     51.03609  eV     1   --> B_1  D_3  S_3  
     e(180 -180) =     51.32750  eV     1   --> B_2  D_4  S_4  
     e(181 -181) =     51.48328  eV     1   --> A_1  D_1  S_1  
     e(182 -182) =     51.61045  eV     1   --> A_2  D_2  S_2  
     e(183 -183) =     52.00828  eV     1   --> B_2  D_4  S_4  
     e(184 -184) =     52.36812  eV     1   --> B_1  D_3  S_3  
     e(185 -185) =     52.37035  eV     1   --> B_2  D_4  S_4  
     e(186 -186) =     52.39428  eV     1   --> A_1  D_1  S_1  
     e(187 -187) =     52.91222  eV     1   --> A_1  D_1  S_1  
     e(188 -188) =     52.97595  eV     1   --> B_2  D_4  S_4  
     e(189 -189) =     53.05092  eV     1   --> A_2  D_2  S_2  
     e(190 -190) =     53.31646  eV     1   --> B_1  D_3  S_3  
     e(191 -191) =     53.43514  eV     1   --> A_1  D_1  S_1  
     e(192 -192) =     53.56216  eV     1   --> B_2  D_4  S_4  
     e(193 -193) =     54.07256  eV     1   --> B_2  D_4  S_4  
     e(194 -194) =     54.11798  eV     1   --> B_1  D_3  S_3  
     e(195 -195) =     54.20524  eV     1   --> A_2  D_2  S_2  
     e(196 -196) =     54.29796  eV     1   --> A_1  D_1  S_1  
     e(197 -197) =     54.32862  eV     1   --> B_2  D_4  S_4  
     e(198 -198) =     54.47492  eV     1   --> A_1  D_1  S_1  
     e(199 -199) =     55.10877  eV     1   --> A_1  D_1  S_1  
     e(200 -200) =     55.91078  eV     1   --> B_2  D_4  S_4  

 **************************************************************************

 **************************************************************************

                    xk=(  -0.50000,  -0.28868,  -0.07420  )

     Band symmetry, C_2v (mm2)  point group:

     e(  1 -  1) =    -66.63555  eV     1   --> B_2  D_4  S_4  
     e(  2 -  2) =    -41.05368  eV     1   --> B_2  D_4  S_4  
     e(  3 -  3) =    -40.79987  eV     1   --> A_1  D_1  S_1  
     e(  4 -  4) =    -40.72129  eV     1   --> A_2  D_2  S_2  
     e(  5 -  5) =    -18.16905  eV     1   --> B_2  D_4  S_4  
     e(  6 -  6) =    -18.03135  eV     1   --> A_1  D_1  S_1  
     e(  7 -  7) =    -11.91590  eV     1   --> B_2  D_4  S_4  
     e(  8 -  8) =    -10.90801  eV     1   --> A_1  D_1  S_1  
     e(  9 -  9) =    -10.13015  eV     1   --> B_2  D_4  S_4  
     e( 10 - 10) =     -9.16923  eV     1   --> B_1  D_3  S_3  
     e( 11 - 11) =     -7.87712  eV     1   --> A_1  D_1  S_1  
     e( 12 - 12) =     -6.84770  eV     1   --> A_2  D_2  S_2  
     e( 13 - 13) =     -6.61866  eV     1   --> B_2  D_4  S_4  
     e( 14 - 14) =     -3.56056  eV     1   --> A_2  D_2  S_2  
     e( 15 - 15) =     -3.05197  eV     1   --> B_2  D_4  S_4  
     e( 16 - 16) =     -2.01172  eV     1   --> A_1  D_1  S_1  
     e( 17 - 17) =     -1.48425  eV     1   --> B_1  D_3  S_3  
     e( 18 - 18) =      0.21273  eV     1   --> B_2  D_4  S_4  
     e( 19 - 19) =      1.86218  eV     1   --> A_1  D_1  S_1  
     e( 20 - 20) =      2.34833  eV     1   --> B_2  D_4  S_4  
     e( 21 - 21) =      3.11326  eV     1   --> A_1  D_1  S_1  
     e( 22 - 22) =      3.78502  eV     1   --> B_2  D_4  S_4  
     e( 23 - 23) =      4.58845  eV     1   --> A_1  D_1  S_1  
     e( 24 - 24) =      5.17764  eV     1   --> B_2  D_4  S_4  
     e( 25 - 25) =      5.36324  eV     1   --> A_2  D_2  S_2  
     e( 26 - 26) =      5.69195  eV     1   --> B_2  D_4  S_4  
     e( 27 - 27) =      5.83000  eV     1   --> A_1  D_1  S_1  
     e( 28 - 28) =      7.02812  eV     1   --> A_1  D_1  S_1  
     e( 29 - 29) =      7.42251  eV     1   --> B_2  D_4  S_4  
     e( 30 - 30) =      7.93350  eV     1   --> B_2  D_4  S_4  
     e( 31 - 31) =      8.43765  eV     1   --> A_1  D_1  S_1  
     e( 32 - 32) =      9.68547  eV     1   --> B_1  D_3  S_3  
     e( 33 - 33) =     10.20885  eV     1   --> B_2  D_4  S_4  
     e( 34 - 34) =     10.25596  eV     1   --> A_1  D_1  S_1  
     e( 35 - 35) =     10.94649  eV     1   --> B_2  D_4  S_4  
     e( 36 - 36) =     11.38315  eV     1   --> A_2  D_2  S_2  
     e( 37 - 37) =     11.72800  eV     1   --> A_1  D_1  S_1  
     e( 38 - 38) =     12.12725  eV     1   --> B_1  D_3  S_3  
     e( 39 - 39) =     12.45988  eV     1   --> A_1  D_1  S_1  
     e( 40 - 40) =     13.06259  eV     1   --> B_2  D_4  S_4  
     e( 41 - 41) =     13.56557  eV     1   --> B_2  D_4  S_4  
     e( 42 - 42) =     13.71432  eV     1   --> A_1  D_1  S_1  
     e( 43 - 43) =     14.08261  eV     1   --> A_2  D_2  S_2  
     e( 44 - 44) =     14.14987  eV     1   --> A_1  D_1  S_1  
     e( 45 - 45) =     14.73695  eV     1   --> B_2  D_4  S_4  
     e( 46 - 46) =     15.24448  eV     1   --> B_1  D_3  S_3  
     e( 47 - 47) =     15.89595  eV     1   --> A_1  D_1  S_1  
     e( 48 - 48) =     16.26105  eV     1   --> A_2  D_2  S_2  
     e( 49 - 49) =     16.27518  eV     1   --> B_2  D_4  S_4  
     e( 50 - 50) =     16.67433  eV     1   --> A_1  D_1  S_1  
     e( 51 - 51) =     16.85865  eV     1   --> B_2  D_4  S_4  
     e( 52 - 52) =     17.17508  eV     1   --> B_2  D_4  S_4  
     e( 53 - 53) =     17.67198  eV     1   --> A_1  D_1  S_1  
     e( 54 - 54) =     17.71665  eV     1   --> B_1  D_3  S_3  
     e( 55 - 55) =     18.36810  eV     1   --> A_2  D_2  S_2  
     e( 56 - 56) =     18.62465  eV     1   --> B_2  D_4  S_4  
     e( 57 - 57) =     18.85299  eV     1   --> A_1  D_1  S_1  
     e( 58 - 58) =     18.87233  eV     1   --> A_2  D_2  S_2  
     e( 59 - 59) =     19.34818  eV     1   --> B_2  D_4  S_4  
     e( 60 - 60) =     19.42434  eV     1   --> B_1  D_3  S_3  
     e( 61 - 61) =     20.37281  eV     1   --> A_1  D_1  S_1  
     e( 62 - 62) =     20.92518  eV     1   --> A_1  D_1  S_1  
     e( 63 - 63) =     21.02208  eV     1   --> B_2  D_4  S_4  
     e( 64 - 64) =     21.33633  eV     1   --> B_1  D_3  S_3  
     e( 65 - 65) =     21.69673  eV     1   --> B_2  D_4  S_4  
     e( 66 - 66) =     22.19520  eV     1   --> A_1  D_1  S_1  
     e( 67 - 67) =     22.23589  eV     1   --> A_2  D_2  S_2  
     e( 68 - 68) =     22.67071  eV     1   --> B_2  D_4  S_4  
     e( 69 - 69) =     23.21774  eV     1   --> A_1  D_1  S_1  
     e( 70 - 70) =     23.38031  eV     1   --> A_1  D_1  S_1  
     e( 71 - 71) =     24.15548  eV     1   --> B_2  D_4  S_4  
     e( 72 - 72) =     24.70227  eV     1   --> A_1  D_1  S_1  
     e( 73 - 73) =     25.36486  eV     1   --> B_2  D_4  S_4  
     e( 74 - 74) =     25.52999  eV     1   --> B_2  D_4  S_4  
     e( 75 - 75) =     25.67341  eV     1   --> B_1  D_3  S_3  
     e( 76 - 76) =     26.00357  eV     1   --> A_1  D_1  S_1  
     e( 77 - 77) =     26.55330  eV     1   --> A_2  D_2  S_2  
     e( 78 - 78) =     26.66596  eV     1   --> A_1  D_1  S_1  
     e( 79 - 79) =     26.92684  eV     1   --> A_2  D_2  S_2  
     e( 80 - 80) =     26.94361  eV     1   --> B_2  D_4  S_4  
     e( 81 - 81) =     27.40770  eV     1   --> B_2  D_4  S_4  
     e( 82 - 82) =     27.90254  eV     1   --> B_2  D_4  S_4  
     e( 83 - 83) =     27.92619  eV     1   --> A_1  D_1  S_1  
     e( 84 - 84) =     28.14332  eV     1   --> B_1  D_3  S_3  
     e( 85 - 85) =     29.25479  eV     1   --> A_1  D_1  S_1  
     e( 86 - 86) =     29.82148  eV     1   --> B_2  D_4  S_4  
     e( 87 - 87) =     30.20533  eV     1   --> B_1  D_3  S_3  
     e( 88 - 88) =     30.24231  eV     1   --> A_1  D_1  S_1  
     e( 89 - 89) =     30.53683  eV     1   --> A_2  D_2  S_2  
     e( 90 - 90) =     30.76610  eV     1   --> B_2  D_4  S_4  
     e( 91 - 91) =     31.02080  eV     1   --> B_2  D_4  S_4  
     e( 92 - 92) =     31.27070  eV     1   --> A_1  D_1  S_1  
     e( 93 - 93) =     32.28202  eV     1   --> A_2  D_2  S_2  
     e( 94 - 94) =     32.32714  eV     1   --> A_1  D_1  S_1  
     e( 95 - 95) =     32.57842  eV     1   --> B_1  D_3  S_3  
     e( 96 - 96) =     32.85385  eV     1   --> A_1  D_1  S_1  
     e( 97 - 97) =     33.02685  eV     1   --> B_2  D_4  S_4  
     e( 98 - 98) =     33.07047  eV     1   --> A_2  D_2  S_2  
     e( 99 - 99) =     33.38848  eV     1   --> A_1  D_1  S_1  
     e(100 -100) =     33.62954  eV     1   --> B_1  D_3  S_3  
     e(101 -101) =     33.79453  eV     1   --> B_2  D_4  S_4  
     e(102 -102) =     34.11852  eV     1   --> B_2  D_4  S_4  
     e(103 -103) =     35.08023  eV     1   --> B_1  D_3  S_3  
     e(104 -104) =     35.09805  eV     1   --> A_1  D_1  S_1  
     e(105 -105) =     35.16585  eV     1   --> B_2  D_4  S_4  
     e(106 -106) =     35.23477  eV     1   --> A_1  D_1  S_1  
     e(107 -107) =     35.40199  eV     1   --> A_1  D_1  S_1  
     e(108 -108) =     35.46536  eV     1   --> A_2  D_2  S_2  
     e(109 -109) =     35.91688  eV     1   --> B_2  D_4  S_4  
     e(110 -110) =     35.92481  eV     1   --> A_2  D_2  S_2  
     e(111 -111) =     36.33110  eV     1   --> B_2  D_4  S_4  
     e(112 -112) =     36.34156  eV     1   --> B_1  D_3  S_3  
     e(113 -113) =     36.57876  eV     1   --> A_1  D_1  S_1  
     e(114 -114) =     36.61969  eV     1   --> A_2  D_2  S_2  
     e(115 -115) =     36.83733  eV     1   --> B_2  D_4  S_4  
     e(116 -116) =     36.99157  eV     1   --> B_1  D_3  S_3  
     e(117 -117) =     37.51013  eV     1   --> A_1  D_1  S_1  
     e(118 -118) =     37.67807  eV     1   --> B_1  D_3  S_3  
     e(119 -119) =     37.97523  eV     1   --> B_2  D_4  S_4  
     e(120 -120) =     38.08360  eV     1   --> A_2  D_2  S_2  
     e(121 -121) =     38.13741  eV     1   --> A_1  D_1  S_1  
     e(122 -122) =     38.56820  eV     1   --> B_2  D_4  S_4  
     e(123 -123) =     38.68067  eV     1   --> A_2  D_2  S_2  
     e(124 -124) =     38.80399  eV     1   --> A_1  D_1  S_1  
     e(125 -125) =     39.15563  eV     1   --> B_1  D_3  S_3  
     e(126 -126) =     39.34738  eV     1   --> A_1  D_1  S_1  
     e(127 -127) =     39.88571  eV     1   --> B_2  D_4  S_4  
     e(128 -128) =     40.24253  eV     1   --> B_1  D_3  S_3  
     e(129 -129) =     40.30981  eV     1   --> A_2  D_2  S_2  
     e(130 -130) =     40.49833  eV     1   --> A_1  D_1  S_1  
     e(131 -131) =     40.75219  eV     1   --> B_2  D_4  S_4  
     e(132 -132) =     41.16682  eV     1   --> B_2  D_4  S_4  
     e(133 -133) =     41.33026  eV     1   --> A_1  D_1  S_1  
     e(134 -134) =     41.38377  eV     1   --> B_1  D_3  S_3  
     e(135 -135) =     41.52646  eV     1   --> A_2  D_2  S_2  
     e(136 -136) =     41.94115  eV     1   --> B_2  D_4  S_4  
     e(137 -137) =     42.10328  eV     1   --> A_1  D_1  S_1  
     e(138 -138) =     42.39161  eV     1   --> A_2  D_2  S_2  
     e(139 -139) =     42.50135  eV     1   --> B_2  D_4  S_4  
     e(140 -140) =     42.67191  eV     1   --> B_1  D_3  S_3  
     e(141 -141) =     43.22146  eV     1   --> A_1  D_1  S_1  
     e(142 -142) =     43.58675  eV     1   --> A_2  D_2  S_2  
     e(143 -143) =     43.76096  eV     1   --> B_2  D_4  S_4  
     e(144 -144) =     43.81630  eV     1   --> A_1  D_1  S_1  
     e(145 -145) =     44.12797  eV     1   --> B_2  D_4  S_4  
     e(146 -146) =     44.15245  eV     1   --> B_1  D_3  S_3  
     e(147 -147) =     44.58029  eV     1   --> A_1  D_1  S_1  
     e(148 -148) =     44.66976  eV     1   --> A_2  D_2  S_2  
     e(149 -149) =     45.08756  eV     1   --> B_1  D_3  S_3  
     e(150 -150) =     45.32289  eV     1   --> B_2  D_4  S_4  
     e(151 -151) =     45.54439  eV     1   --> A_1  D_1  S_1  
     e(152 -152) =     45.81559  eV     1   --> B_2  D_4  S_4  
     e(153 -153) =     46.00115  eV     1   --> B_2  D_4  S_4  
     e(154 -154) =     46.15319  eV     1   --> A_2  D_2  S_2  
     e(155 -155) =     46.19344  eV     1   --> A_1  D_1  S_1  
     e(156 -156) =     46.34105  eV     1   --> A_1  D_1  S_1  
     e(157 -157) =     46.46036  eV     1   --> A_1  D_1  S_1  
     e(158 -158) =     46.55390  eV     1   --> B_1  D_3  S_3  
     e(159 -159) =     46.65572  eV     1   --> B_2  D_4  S_4  
     e(160 -160) =     46.86705  eV     1   --> B_2  D_4  S_4  
     e(161 -161) =     47.35118  eV     1   --> A_1  D_1  S_1  
     e(162 -162) =     47.60547  eV     1   --> B_1  D_3  S_3  
     e(163 -163) =     47.72151  eV     1   --> B_2  D_4  S_4  
     e(164 -164) =     47.78465  eV     1   --> A_1  D_1  S_1  
     e(165 -165) =     48.28097  eV     1   --> B_2  D_4  S_4  
     e(166 -166) =     48.54447  eV     1   --> B_2  D_4  S_4  
     e(167 -167) =     48.60926  eV     1   --> A_1  D_1  S_1  
     e(168 -168) =     48.72066  eV     1   --> A_2  D_2  S_2  
     e(169 -169) =     49.00741  eV     1   --> B_1  D_3  S_3  
     e(170 -170) =     49.26362  eV     1   --> A_1  D_1  S_1  
     e(171 -171) =     49.36682  eV     1   --> A_1  D_1  S_1  
     e(172 -172) =     49.47179  eV     1   --> A_2  D_2  S_2  
     e(173 -173) =     49.66689  eV     1   --> A_2  D_2  S_2  
     e(174 -174) =     49.83553  eV     1   --> B_2  D_4  S_4  
     e(175 -175) =     49.97702  eV     1   --> B_2  D_4  S_4  
     e(176 -176) =     50.39014  eV     1   --> A_1  D_1  S_1  
     e(177 -177) =     50.88859  eV     1   --> B_1  D_3  S_3  
     e(178 -178) =     50.98633  eV     1   --> A_1  D_1  S_1  
     e(179 -179) =     51.03609  eV     1   --> B_1  D_3  S_3  
     e(180 -180) =     51.32750  eV     1   --> B_2  D_4  S_4  
     e(181 -181) =     51.48328  eV     1   --> A_1  D_1  S_1  
     e(182 -182) =     51.61045  eV     1   --> A_2  D_2  S_2  
     e(183 -183) =     52.00828  eV     1   --> B_2  D_4  S_4  
     e(184 -184) =     52.36812  eV     1   --> B_1  D_3  S_3  
     e(185 -185) =     52.37035  eV     1   --> B_2  D_4  S_4  
     e(186 -186) =     52.39428  eV     1   --> A_1  D_1  S_1  
     e(187 -187) =     52.91222  eV     1   --> A_1  D_1  S_1  
     e(188 -188) =     52.97595  eV     1   --> B_2  D_4  S_4  
     e(189 -189) =     53.05092  eV     1   --> A_2  D_2  S_2  
     e(190 -190) =     53.31646  eV     1   --> B_1  D_3  S_3  
     e(191 -191) =     53.43514  eV     1   --> A_1  D_1  S_1  
     e(192 -192) =     53.56216  eV     1   --> B_2  D_4  S_4  
     e(193 -193) =     54.07256  eV     1   --> B_2  D_4  S_4  
     e(194 -194) =     54.11798  eV     1   --> B_1  D_3  S_3  
     e(195 -195) =     54.20524  eV     1   --> A_2  D_2  S_2  
     e(196 -196) =     54.29796  eV     1   --> A_1  D_1  S_1  
     e(197 -197) =     54.32862  eV     1   --> B_2  D_4  S_4  
     e(198 -198) =     54.47492  eV     1   --> A_1  D_1  S_1  
     e(199 -199) =     55.10877  eV     1   --> A_1  D_1  S_1  
     e(200 -200) =     55.91078  eV     1   --> B_2  D_4  S_4  

 **************************************************************************

 **************************************************************************

                    xk=(   0.50000,   0.28868,   0.00000  )

     Band symmetry, C_2v (mm2)  point group:

     e(  1 -  1) =    -66.63555  eV     1   --> A_1  D_1  S_1  
     e(  2 -  2) =    -41.05369  eV     1   --> A_1  D_1  S_1  
     e(  3 -  3) =    -40.79987  eV     1   --> B_2  D_4  S_4  
     e(  4 -  4) =    -40.72129  eV     1   --> B_1  D_3  S_3  
     e(  5 -  5) =    -18.16905  eV     1   --> A_1  D_1  S_1  
     e(  6 -  6) =    -18.03135  eV     1   --> B_2  D_4  S_4  
     e(  7 -  7) =    -11.91590  eV     1   --> A_1  D_1  S_1  
     e(  8 -  8) =    -10.90801  eV     1   --> B_2  D_4  S_4  
     e(  9 -  9) =    -10.13015  eV     1   --> A_1  D_1  S_1  
     e( 10 - 10) =     -9.16923  eV     1   --> A_2  D_2  S_2  
     e( 11 - 11) =     -7.87712  eV     1   --> B_2  D_4  S_4  
     e( 12 - 12) =     -6.84770  eV     1   --> B_1  D_3  S_3  
     e( 13 - 13) =     -6.61866  eV     1   --> A_1  D_1  S_1  
     e( 14 - 14) =     -3.56056  eV     1   --> B_1  D_3  S_3  
     e( 15 - 15) =     -3.05197  eV     1   --> A_1  D_1  S_1  
     e( 16 - 16) =     -2.01172  eV     1   --> B_2  D_4  S_4  
     e( 17 - 17) =     -1.48425  eV     1   --> A_2  D_2  S_2  
     e( 18 - 18) =      0.21273  eV     1   --> A_1  D_1  S_1  
     e( 19 - 19) =      1.86218  eV     1   --> B_2  D_4  S_4  
     e( 20 - 20) =      2.34833  eV     1   --> A_1  D_1  S_1  
     e( 21 - 21) =      3.11326  eV     1   --> B_2  D_4  S_4  
     e( 22 - 22) =      3.78502  eV     1   --> A_1  D_1  S_1  
     e( 23 - 23) =      4.58846  eV     1   --> B_2  D_4  S_4  
     e( 24 - 24) =      5.17760  eV     1   --> A_1  D_1  S_1  
     e( 25 - 25) =      5.36324  eV     1   --> B_1  D_3  S_3  
     e( 26 - 26) =      5.69188  eV     1   --> A_1  D_1  S_1  
     e( 27 - 27) =      5.83010  eV     1   --> B_2  D_4  S_4  
     e( 28 - 28) =      7.02850  eV     1   --> B_2  D_4  S_4  
     e( 29 - 29) =      7.42205  eV     1   --> A_1  D_1  S_1  
     e( 30 - 30) =      7.93285  eV     1   --> A_1  D_1  S_1  
     e( 31 - 31) =      8.43862  eV     1   --> B_2  D_4  S_4  
     e( 32 - 32) =      9.68548  eV     1   --> A_2  D_2  S_2  
     e( 33 - 33) =     10.20680  eV     1   --> A_1  D_1  S_1  
     e( 34 - 34) =     10.25859  eV     1   --> B_2  D_4  S_4  
     e( 35 - 35) =     10.94342  eV     1   --> A_1  D_1  S_1  
     e( 36 - 36) =     11.38316  eV     1   --> B_1  D_3  S_3  
     e( 37 - 37) =     11.73150  eV     1   --> B_2  D_4  S_4  
     e( 38 - 38) =     12.12725  eV     1   --> A_2  D_2  S_2  
     e( 39 - 39) =     12.46355  eV     1   --> B_2  D_4  S_4  
     e( 40 - 40) =     13.05353  eV     1   --> A_1  D_1  S_1  
     e( 41 - 41) =     13.55590  eV     1   --> A_1  D_1  S_1  
     e( 42 - 42) =     13.72119  eV     1   --> B_2  D_4  S_4  
     e( 43 - 43) =     14.08261  eV     1   --> B_1  D_3  S_3  
     e( 44 - 44) =     14.16185  eV     1   --> B_2  D_4  S_4  
     e( 45 - 45) =     14.73597  eV     1   --> A_1  D_1  S_1  
     e( 46 - 46) =     15.24451  eV     1   --> A_2  D_2  S_2  
     e( 47 - 47) =     15.90282  eV     1   --> B_2  D_4  S_4  
     e( 48 - 48) =     16.26092  eV     1   --> B_1  D_3  S_3  
     e( 49 - 49) =     16.26187  eV     1   --> A_1  D_1  S_1  
     e( 50 - 50) =     16.75557  eV     1   --> B_2  D_4  S_4  
     e( 51 - 51) =     16.77935  eV     1   --> A_1  D_1  S_1  
     e( 52 - 52) =     17.10497  eV     1   --> A_1  D_1  S_1  
     e( 53 - 53) =     17.71723  eV     1   --> A_2  D_2  S_2  
     e( 54 - 54) =     17.75930  eV     1   --> B_2  D_4  S_4  
     e( 55 - 55) =     18.36787  eV     1   --> B_1  D_3  S_3  
     e( 56 - 56) =     18.59802  eV     1   --> A_1  D_1  S_1  
     e( 57 - 57) =     18.87157  eV     1   --> B_1  D_3  S_3  
     e( 58 - 58) =     18.93438  eV     1   --> B_2  D_4  S_4  
     e( 59 - 59) =     19.28058  eV     1   --> A_1  D_1  S_1  
     e( 60 - 60) =     19.42435  eV     1   --> A_2  D_2  S_2  
     e( 61 - 61) =     20.36276  eV     1   --> A_1  D_1  S_1  
     e( 62 - 62) =     20.79500  eV     1   --> A_1  D_1  S_1  
     e( 63 - 63) =     21.17138  eV     1   --> B_2  D_4  S_4  
     e( 64 - 64) =     21.34112  eV     1   --> A_2  D_2  S_2  
     e( 65 - 65) =     21.75177  eV     1   --> B_2  D_4  S_4  
     e( 66 - 66) =     22.22882  eV     1   --> B_1  D_3  S_3  
     e( 67 - 67) =     22.23435  eV     1   --> B_2  D_4  S_4  
     e( 68 - 68) =     22.41699  eV     1   --> A_1  D_1  S_1  
     e( 69 - 69) =     23.03191  eV     1   --> A_1  D_1  S_1  
     e( 70 - 70) =     23.99219  eV     1   --> A_1  D_1  S_1  
     e( 71 - 71) =     24.11137  eV     1   --> B_2  D_4  S_4  
     e( 72 - 72) =     24.65497  eV     1   --> B_2  D_4  S_4  
     e( 73 - 73) =     25.21872  eV     1   --> A_1  D_1  S_1  
     e( 74 - 74) =     25.39226  eV     1   --> B_2  D_4  S_4  
     e( 75 - 75) =     25.71664  eV     1   --> A_2  D_2  S_2  
     e( 76 - 76) =     25.92473  eV     1   --> A_1  D_1  S_1  
     e( 77 - 77) =     26.48536  eV     1   --> B_1  D_3  S_3  
     e( 78 - 78) =     26.90322  eV     1   --> B_2  D_4  S_4  
     e( 79 - 79) =     26.92503  eV     1   --> B_1  D_3  S_3  
     e( 80 - 80) =     27.04309  eV     1   --> B_2  D_4  S_4  
     e( 81 - 81) =     27.10707  eV     1   --> A_1  D_1  S_1  
     e( 82 - 82) =     27.53222  eV     1   --> A_1  D_1  S_1  
     e( 83 - 83) =     28.18034  eV     1   --> A_2  D_2  S_2  
     e( 84 - 84) =     28.85067  eV     1   --> A_1  D_1  S_1  
     e( 85 - 85) =     29.06639  eV     1   --> B_2  D_4  S_4  
     e( 86 - 86) =     29.75497  eV     1   --> A_1  D_1  S_1  
     e( 87 - 87) =     30.12672  eV     1   --> B_1  D_3  S_3  
     e( 88 - 88) =     30.28651  eV     1   --> B_2  D_4  S_4  
     e( 89 - 89) =     30.31469  eV     1   --> A_1  D_1  S_1  
     e( 90 - 90) =     30.80338  eV     1   --> A_2  D_2  S_2  
     e( 91 - 91) =     31.02926  eV     1   --> B_2  D_4  S_4  
     e( 92 - 92) =     31.65476  eV     1   --> B_1  D_3  S_3  
     e( 93 - 93) =     31.83610  eV     1   --> B_2  D_4  S_4  
     e( 94 - 94) =     31.96669  eV     1   --> A_1  D_1  S_1  
     e( 95 - 95) =     32.56192  eV     1   --> A_1  D_1  S_1  
     e( 96 - 96) =     32.89126  eV     1   --> B_2  D_4  S_4  
     e( 97 - 97) =     32.94360  eV     1   --> B_1  D_3  S_3  
     e( 98 - 98) =     32.99805  eV     1   --> A_2  D_2  S_2  
     e( 99 - 99) =     33.78471  eV     1   --> A_1  D_1  S_1  
     e(100 -100) =     33.99969  eV     1   --> B_2  D_4  S_4  
     e(101 -101) =     34.01327  eV     1   --> A_1  D_1  S_1  
     e(102 -102) =     34.24366  eV     1   --> B_1  D_3  S_3  
     e(103 -103) =     34.79065  eV     1   --> A_2  D_2  S_2  
     e(104 -104) =     34.97661  eV     1   --> B_2  D_4  S_4  
     e(105 -105) =     35.17146  eV     1   --> A_1  D_1  S_1  
     e(106 -106) =     35.24719  eV     1   --> A_2  D_2  S_2  
     e(107 -107) =     35.40412  eV     1   --> B_2  D_4  S_4  
     e(108 -108) =     35.61740  eV     1   --> A_1  D_1  S_1  
     e(109 -109) =     35.70041  eV     1   --> B_1  D_3  S_3  
     e(110 -110) =     35.83310  eV     1   --> B_2  D_4  S_4  
     e(111 -111) =     36.13392  eV     1   --> A_1  D_1  S_1  
     e(112 -112) =     36.34519  eV     1   --> B_1  D_3  S_3  
     e(113 -113) =     36.42656  eV     1   --> A_2  D_2  S_2  
     e(114 -114) =     36.75236  eV     1   --> B_2  D_4  S_4  
     e(115 -115) =     37.06065  eV     1   --> B_2  D_4  S_4  
     e(116 -116) =     37.34638  eV     1   --> A_2  D_2  S_2  
     e(117 -117) =     37.40332  eV     1   --> A_1  D_1  S_1  
     e(118 -118) =     37.74441  eV     1   --> B_2  D_4  S_4  
     e(119 -119) =     37.79817  eV     1   --> A_1  D_1  S_1  
     e(120 -120) =     38.04636  eV     1   --> B_1  D_3  S_3  
     e(121 -121) =     38.20885  eV     1   --> B_1  D_3  S_3  
     e(122 -122) =     38.35686  eV     1   --> A_2  D_2  S_2  
     e(123 -123) =     38.89788  eV     1   --> B_2  D_4  S_4  
     e(124 -124) =     38.92062  eV     1   --> A_1  D_1  S_1  
     e(125 -125) =     38.98968  eV     1   --> A_1  D_1  S_1  
     e(126 -126) =     39.15831  eV     1   --> A_2  D_2  S_2  
     e(127 -127) =     39.62644  eV     1   --> B_2  D_4  S_4  
     e(128 -128) =     39.92077  eV     1   --> B_1  D_3  S_3  
     e(129 -129) =     40.03987  eV     1   --> A_1  D_1  S_1  
     e(130 -130) =     40.71656  eV     1   --> A_2  D_2  S_2  
     e(131 -131) =     41.19094  eV     1   --> B_2  D_4  S_4  
     e(132 -132) =     41.22984  eV     1   --> B_1  D_3  S_3  
     e(133 -133) =     41.34744  eV     1   --> A_1  D_1  S_1  
     e(134 -134) =     41.53805  eV     1   --> B_1  D_3  S_3  
     e(135 -135) =     41.96770  eV     1   --> B_2  D_4  S_4  
     e(136 -136) =     42.13819  eV     1   --> A_1  D_1  S_1  
     e(137 -137) =     42.21024  eV     1   --> B_2  D_4  S_4  
     e(138 -138) =     42.25471  eV     1   --> A_2  D_2  S_2  
     e(139 -139) =     42.65989  eV     1   --> A_1  D_1  S_1  
     e(140 -140) =     42.68344  eV     1   --> A_2  D_2  S_2  
     e(141 -141) =     43.20900  eV     1   --> B_2  D_4  S_4  
     e(142 -142) =     43.41426  eV     1   --> B_1  D_3  S_3  
     e(143 -143) =     43.55919  eV     1   --> A_1  D_1  S_1  
     e(144 -144) =     43.80445  eV     1   --> B_2  D_4  S_4  
     e(145 -145) =     43.97432  eV     1   --> A_1  D_1  S_1  
     e(146 -146) =     44.13525  eV     1   --> B_2  D_4  S_4  
     e(147 -147) =     44.43168  eV     1   --> B_1  D_3  S_3  
     e(148 -148) =     44.68878  eV     1   --> A_2  D_2  S_2  
     e(149 -149) =     44.81783  eV     1   --> A_1  D_1  S_1  
     e(150 -150) =     45.16842  eV     1   --> A_2  D_2  S_2  
     e(151 -151) =     45.46371  eV     1   --> A_1  D_1  S_1  
     e(152 -152) =     45.67545  eV     1   --> B_2  D_4  S_4  
     e(153 -153) =     45.78258  eV     1   --> A_1  D_1  S_1  
     e(154 -154) =     46.02553  eV     1   --> B_1  D_3  S_3  
     e(155 -155) =     46.15283  eV     1   --> B_2  D_4  S_4  
     e(156 -156) =     46.47652  eV     1   --> B_2  D_4  S_4  
     e(157 -157) =     46.59852  eV     1   --> A_1  D_1  S_1  
     e(158 -158) =     46.87850  eV     1   --> A_1  D_1  S_1  
     e(159 -159) =     47.00759  eV     1   --> B_2  D_4  S_4  
     e(160 -160) =     47.07709  eV     1   --> B_1  D_3  S_3  
     e(161 -161) =     47.25691  eV     1   --> A_2  D_2  S_2  
     e(162 -162) =     47.28792  eV     1   --> A_1  D_1  S_1  
     e(163 -163) =     47.69086  eV     1   --> A_1  D_1  S_1  
     e(164 -164) =     47.88647  eV     1   --> B_2  D_4  S_4  
     e(165 -165) =     48.21827  eV     1   --> B_2  D_4  S_4  
     e(166 -166) =     48.59058  eV     1   --> B_1  D_3  S_3  
     e(167 -167) =     48.72057  eV     1   --> A_2  D_2  S_2  
     e(168 -168) =     49.05710  eV     1   --> B_2  D_4  S_4  
     e(169 -169) =     49.09471  eV     1   --> A_1  D_1  S_1  
     e(170 -170) =     49.45482  eV     1   --> B_1  D_3  S_3  
     e(171 -171) =     49.55015  eV     1   --> A_2  D_2  S_2  
     e(172 -172) =     49.57748  eV     1   --> B_2  D_4  S_4  
     e(173 -173) =     49.73191  eV     1   --> A_1  D_1  S_1  
     e(174 -174) =     49.84422  eV     1   --> B_2  D_4  S_4  
     e(175 -175) =     49.85888  eV     1   --> A_1  D_1  S_1  
     e(176 -176) =     49.93778  eV     1   --> A_1  D_1  S_1  
     e(177 -177) =     51.01716  eV     1   --> A_1  D_1  S_1  
     e(178 -178) =     51.06712  eV     1   --> B_1  D_3  S_3  
     e(179 -179) =     51.11559  eV     1   --> B_2  D_4  S_4  
     e(180 -180) =     51.28247  eV     1   --> B_2  D_4  S_4  
     e(181 -181) =     51.47135  eV     1   --> A_2  D_2  S_2  
     e(182 -182) =     51.63695  eV     1   --> A_1  D_1  S_1  
     e(183 -183) =     51.81472  eV     1   --> A_2  D_2  S_2  
     e(184 -184) =     51.82310  eV     1   --> B_1  D_3  S_3  
     e(185 -185) =     51.96948  eV     1   --> A_1  D_1  S_1  
     e(186 -186) =     52.39327  eV     1   --> B_2  D_4  S_4  
     e(187 -187) =     52.53852  eV     1   --> B_2  D_4  S_4  
     e(188 -188) =     53.00636  eV     1   --> A_1  D_1  S_1  
     e(189 -189) =     53.02772  eV     1   --> B_1  D_3  S_3  
     e(190 -190) =     53.11288  eV     1   --> B_2  D_4  S_4  
     e(191 -191) =     53.42283  eV     1   --> B_1  D_3  S_3  
     e(192 -192) =     53.65597  eV     1   --> A_1  D_1  S_1  
     e(193 -193) =     54.13520  eV     1   --> A_1  D_1  S_1  
     e(194 -194) =     54.45610  eV     1   --> B_2  D_4  S_4  
     e(195 -195) =     54.81242  eV     1   --> A_2  D_2  S_2  
     e(196 -196) =     54.86153  eV     1   --> A_1  D_1  S_1  
     e(197 -197) =     54.98446  eV     1   --> B_2  D_4  S_4  
     e(198 -198) =     55.08130  eV     1   --> B_1  D_3  S_3  
     e(199 -199) =     55.11854  eV     1   --> A_2  D_2  S_2  
     e(200 -200) =     55.12402  eV     1   --> A_1  D_1  S_1  

 **************************************************************************

 **************************************************************************

                    xk=(  -0.50000,  -0.28868,   0.00000  )

     Band symmetry, C_2v (mm2)  point group:

     e(  1 -  1) =    -66.63555  eV     1   --> A_1  D_1  S_1  
     e(  2 -  2) =    -41.05369  eV     1   --> A_1  D_1  S_1  
     e(  3 -  3) =    -40.79987  eV     1   --> B_2  D_4  S_4  
     e(  4 -  4) =    -40.72129  eV     1   --> B_1  D_3  S_3  
     e(  5 -  5) =    -18.16905  eV     1   --> A_1  D_1  S_1  
     e(  6 -  6) =    -18.03135  eV     1   --> B_2  D_4  S_4  
     e(  7 -  7) =    -11.91590  eV     1   --> A_1  D_1  S_1  
     e(  8 -  8) =    -10.90801  eV     1   --> B_2  D_4  S_4  
     e(  9 -  9) =    -10.13015  eV     1   --> A_1  D_1  S_1  
     e( 10 - 10) =     -9.16923  eV     1   --> A_2  D_2  S_2  
     e( 11 - 11) =     -7.87712  eV     1   --> B_2  D_4  S_4  
     e( 12 - 12) =     -6.84770  eV     1   --> B_1  D_3  S_3  
     e( 13 - 13) =     -6.61866  eV     1   --> A_1  D_1  S_1  
     e( 14 - 14) =     -3.56056  eV     1   --> B_1  D_3  S_3  
     e( 15 - 15) =     -3.05197  eV     1   --> A_1  D_1  S_1  
     e( 16 - 16) =     -2.01172  eV     1   --> B_2  D_4  S_4  
     e( 17 - 17) =     -1.48425  eV     1   --> A_2  D_2  S_2  
     e( 18 - 18) =      0.21273  eV     1   --> A_1  D_1  S_1  
     e( 19 - 19) =      1.86218  eV     1   --> B_2  D_4  S_4  
     e( 20 - 20) =      2.34833  eV     1   --> A_1  D_1  S_1  
     e( 21 - 21) =      3.11326  eV     1   --> B_2  D_4  S_4  
     e( 22 - 22) =      3.78502  eV     1   --> A_1  D_1  S_1  
     e( 23 - 23) =      4.58846  eV     1   --> B_2  D_4  S_4  
     e( 24 - 24) =      5.17760  eV     1   --> A_1  D_1  S_1  
     e( 25 - 25) =      5.36324  eV     1   --> B_1  D_3  S_3  
     e( 26 - 26) =      5.69188  eV     1   --> A_1  D_1  S_1  
     e( 27 - 27) =      5.83010  eV     1   --> B_2  D_4  S_4  
     e( 28 - 28) =      7.02850  eV     1   --> B_2  D_4  S_4  
     e( 29 - 29) =      7.42205  eV     1   --> A_1  D_1  S_1  
     e( 30 - 30) =      7.93285  eV     1   --> A_1  D_1  S_1  
     e( 31 - 31) =      8.43862  eV     1   --> B_2  D_4  S_4  
     e( 32 - 32) =      9.68548  eV     1   --> A_2  D_2  S_2  
     e( 33 - 33) =     10.20680  eV     1   --> A_1  D_1  S_1  
     e( 34 - 34) =     10.25859  eV     1   --> B_2  D_4  S_4  
     e( 35 - 35) =     10.94342  eV     1   --> A_1  D_1  S_1  
     e( 36 - 36) =     11.38316  eV     1   --> B_1  D_3  S_3  
     e( 37 - 37) =     11.73150  eV     1   --> B_2  D_4  S_4  
     e( 38 - 38) =     12.12725  eV     1   --> A_2  D_2  S_2  
     e( 39 - 39) =     12.46355  eV     1   --> B_2  D_4  S_4  
     e( 40 - 40) =     13.05353  eV     1   --> A_1  D_1  S_1  
     e( 41 - 41) =     13.55590  eV     1   --> A_1  D_1  S_1  
     e( 42 - 42) =     13.72119  eV     1   --> B_2  D_4  S_4  
     e( 43 - 43) =     14.08261  eV     1   --> B_1  D_3  S_3  
     e( 44 - 44) =     14.16185  eV     1   --> B_2  D_4  S_4  
     e( 45 - 45) =     14.73597  eV     1   --> A_1  D_1  S_1  
     e( 46 - 46) =     15.24451  eV     1   --> A_2  D_2  S_2  
     e( 47 - 47) =     15.90282  eV     1   --> B_2  D_4  S_4  
     e( 48 - 48) =     16.26092  eV     1   --> B_1  D_3  S_3  
     e( 49 - 49) =     16.26187  eV     1   --> A_1  D_1  S_1  
     e( 50 - 50) =     16.75557  eV     1   --> B_2  D_4  S_4  
     e( 51 - 51) =     16.77935  eV     1   --> A_1  D_1  S_1  
     e( 52 - 52) =     17.10497  eV     1   --> A_1  D_1  S_1  
     e( 53 - 53) =     17.71723  eV     1   --> A_2  D_2  S_2  
     e( 54 - 54) =     17.75930  eV     1   --> B_2  D_4  S_4  
     e( 55 - 55) =     18.36787  eV     1   --> B_1  D_3  S_3  
     e( 56 - 56) =     18.59802  eV     1   --> A_1  D_1  S_1  
     e( 57 - 57) =     18.87157  eV     1   --> B_1  D_3  S_3  
     e( 58 - 58) =     18.93438  eV     1   --> B_2  D_4  S_4  
     e( 59 - 59) =     19.28058  eV     1   --> A_1  D_1  S_1  
     e( 60 - 60) =     19.42435  eV     1   --> A_2  D_2  S_2  
     e( 61 - 61) =     20.36276  eV     1   --> A_1  D_1  S_1  
     e( 62 - 62) =     20.79500  eV     1   --> A_1  D_1  S_1  
     e( 63 - 63) =     21.17138  eV     1   --> B_2  D_4  S_4  
     e( 64 - 64) =     21.34112  eV     1   --> A_2  D_2  S_2  
     e( 65 - 65) =     21.75177  eV     1   --> B_2  D_4  S_4  
     e( 66 - 66) =     22.22882  eV     1   --> B_1  D_3  S_3  
     e( 67 - 67) =     22.23435  eV     1   --> B_2  D_4  S_4  
     e( 68 - 68) =     22.41699  eV     1   --> A_1  D_1  S_1  
     e( 69 - 69) =     23.03191  eV     1   --> A_1  D_1  S_1  
     e( 70 - 70) =     23.99219  eV     1   --> A_1  D_1  S_1  
     e( 71 - 71) =     24.11137  eV     1   --> B_2  D_4  S_4  
     e( 72 - 72) =     24.65497  eV     1   --> B_2  D_4  S_4  
     e( 73 - 73) =     25.21872  eV     1   --> A_1  D_1  S_1  
     e( 74 - 74) =     25.39226  eV     1   --> B_2  D_4  S_4  
     e( 75 - 75) =     25.71664  eV     1   --> A_2  D_2  S_2  
     e( 76 - 76) =     25.92473  eV     1   --> A_1  D_1  S_1  
     e( 77 - 77) =     26.48536  eV     1   --> B_1  D_3  S_3  
     e( 78 - 78) =     26.90322  eV     1   --> B_2  D_4  S_4  
     e( 79 - 79) =     26.92503  eV     1   --> B_1  D_3  S_3  
     e( 80 - 80) =     27.04309  eV     1   --> B_2  D_4  S_4  
     e( 81 - 81) =     27.10707  eV     1   --> A_1  D_1  S_1  
     e( 82 - 82) =     27.53222  eV     1   --> A_1  D_1  S_1  
     e( 83 - 83) =     28.18034  eV     1   --> A_2  D_2  S_2  
     e( 84 - 84) =     28.85067  eV     1   --> A_1  D_1  S_1  
     e( 85 - 85) =     29.06639  eV     1   --> B_2  D_4  S_4  
     e( 86 - 86) =     29.75497  eV     1   --> A_1  D_1  S_1  
     e( 87 - 87) =     30.12672  eV     1   --> B_1  D_3  S_3  
     e( 88 - 88) =     30.28651  eV     1   --> B_2  D_4  S_4  
     e( 89 - 89) =     30.31469  eV     1   --> A_1  D_1  S_1  
     e( 90 - 90) =     30.80338  eV     1   --> A_2  D_2  S_2  
     e( 91 - 91) =     31.02926  eV     1   --> B_2  D_4  S_4  
     e( 92 - 92) =     31.65476  eV     1   --> B_1  D_3  S_3  
     e( 93 - 93) =     31.83610  eV     1   --> B_2  D_4  S_4  
     e( 94 - 94) =     31.96669  eV     1   --> A_1  D_1  S_1  
     e( 95 - 95) =     32.56192  eV     1   --> A_1  D_1  S_1  
     e( 96 - 96) =     32.89126  eV     1   --> B_2  D_4  S_4  
     e( 97 - 97) =     32.94360  eV     1   --> B_1  D_3  S_3  
     e( 98 - 98) =     32.99805  eV     1   --> A_2  D_2  S_2  
     e( 99 - 99) =     33.78471  eV     1   --> A_1  D_1  S_1  
     e(100 -100) =     33.99969  eV     1   --> B_2  D_4  S_4  
     e(101 -101) =     34.01327  eV     1   --> A_1  D_1  S_1  
     e(102 -102) =     34.24366  eV     1   --> B_1  D_3  S_3  
     e(103 -103) =     34.79065  eV     1   --> A_2  D_2  S_2  
     e(104 -104) =     34.97661  eV     1   --> B_2  D_4  S_4  
     e(105 -105) =     35.17146  eV     1   --> A_1  D_1  S_1  
     e(106 -106) =     35.24719  eV     1   --> A_2  D_2  S_2  
     e(107 -107) =     35.40412  eV     1   --> B_2  D_4  S_4  
     e(108 -108) =     35.61740  eV     1   --> A_1  D_1  S_1  
     e(109 -109) =     35.70041  eV     1   --> B_1  D_3  S_3  
     e(110 -110) =     35.83310  eV     1   --> B_2  D_4  S_4  
     e(111 -111) =     36.13392  eV     1   --> A_1  D_1  S_1  
     e(112 -112) =     36.34519  eV     1   --> B_1  D_3  S_3  
     e(113 -113) =     36.42656  eV     1   --> A_2  D_2  S_2  
     e(114 -114) =     36.75236  eV     1   --> B_2  D_4  S_4  
     e(115 -115) =     37.06065  eV     1   --> B_2  D_4  S_4  
     e(116 -116) =     37.34638  eV     1   --> A_2  D_2  S_2  
     e(117 -117) =     37.40332  eV     1   --> A_1  D_1  S_1  
     e(118 -118) =     37.74441  eV     1   --> B_2  D_4  S_4  
     e(119 -119) =     37.79817  eV     1   --> A_1  D_1  S_1  
     e(120 -120) =     38.04636  eV     1   --> B_1  D_3  S_3  
     e(121 -121) =     38.20885  eV     1   --> B_1  D_3  S_3  
     e(122 -122) =     38.35686  eV     1   --> A_2  D_2  S_2  
     e(123 -123) =     38.89788  eV     1   --> B_2  D_4  S_4  
     e(124 -124) =     38.92062  eV     1   --> A_1  D_1  S_1  
     e(125 -125) =     38.98968  eV     1   --> A_1  D_1  S_1  
     e(126 -126) =     39.15831  eV     1   --> A_2  D_2  S_2  
     e(127 -127) =     39.62644  eV     1   --> B_2  D_4  S_4  
     e(128 -128) =     39.92077  eV     1   --> B_1  D_3  S_3  
     e(129 -129) =     40.03987  eV     1   --> A_1  D_1  S_1  
     e(130 -130) =     40.71656  eV     1   --> A_2  D_2  S_2  
     e(131 -131) =     41.19094  eV     1   --> B_2  D_4  S_4  
     e(132 -132) =     41.22984  eV     1   --> B_1  D_3  S_3  
     e(133 -133) =     41.34744  eV     1   --> A_1  D_1  S_1  
     e(134 -134) =     41.53805  eV     1   --> B_1  D_3  S_3  
     e(135 -135) =     41.96770  eV     1   --> B_2  D_4  S_4  
     e(136 -136) =     42.13819  eV     1   --> A_1  D_1  S_1  
     e(137 -137) =     42.21024  eV     1   --> B_2  D_4  S_4  
     e(138 -138) =     42.25471  eV     1   --> A_2  D_2  S_2  
     e(139 -139) =     42.65989  eV     1   --> A_1  D_1  S_1  
     e(140 -140) =     42.68344  eV     1   --> A_2  D_2  S_2  
     e(141 -141) =     43.20900  eV     1   --> B_2  D_4  S_4  
     e(142 -142) =     43.41426  eV     1   --> B_1  D_3  S_3  
     e(143 -143) =     43.55919  eV     1   --> A_1  D_1  S_1  
     e(144 -144) =     43.80445  eV     1   --> B_2  D_4  S_4  
     e(145 -145) =     43.97432  eV     1   --> A_1  D_1  S_1  
     e(146 -146) =     44.13525  eV     1   --> B_2  D_4  S_4  
     e(147 -147) =     44.43168  eV     1   --> B_1  D_3  S_3  
     e(148 -148) =     44.68878  eV     1   --> A_2  D_2  S_2  
     e(149 -149) =     44.81783  eV     1   --> A_1  D_1  S_1  
     e(150 -150) =     45.16842  eV     1   --> A_2  D_2  S_2  
     e(151 -151) =     45.46371  eV     1   --> A_1  D_1  S_1  
     e(152 -152) =     45.67545  eV     1   --> B_2  D_4  S_4  
     e(153 -153) =     45.78258  eV     1   --> A_1  D_1  S_1  
     e(154 -154) =     46.02553  eV     1   --> B_1  D_3  S_3  
     e(155 -155) =     46.15283  eV     1   --> B_2  D_4  S_4  
     e(156 -156) =     46.47652  eV     1   --> B_2  D_4  S_4  
     e(157 -157) =     46.59852  eV     1   --> A_1  D_1  S_1  
     e(158 -158) =     46.87850  eV     1   --> A_1  D_1  S_1  
     e(159 -159) =     47.00759  eV     1   --> B_2  D_4  S_4  
     e(160 -160) =     47.07709  eV     1   --> B_1  D_3  S_3  
     e(161 -161) =     47.25691  eV     1   --> A_2  D_2  S_2  
     e(162 -162) =     47.28792  eV     1   --> A_1  D_1  S_1  
     e(163 -163) =     47.69086  eV     1   --> A_1  D_1  S_1  
     e(164 -164) =     47.88647  eV     1   --> B_2  D_4  S_4  
     e(165 -165) =     48.21827  eV     1   --> B_2  D_4  S_4  
     e(166 -166) =     48.59058  eV     1   --> B_1  D_3  S_3  
     e(167 -167) =     48.72057  eV     1   --> A_2  D_2  S_2  
     e(168 -168) =     49.05710  eV     1   --> B_2  D_4  S_4  
     e(169 -169) =     49.09471  eV     1   --> A_1  D_1  S_1  
     e(170 -170) =     49.45482  eV     1   --> B_1  D_3  S_3  
     e(171 -171) =     49.55015  eV     1   --> A_2  D_2  S_2  
     e(172 -172) =     49.57748  eV     1   --> B_2  D_4  S_4  
     e(173 -173) =     49.73191  eV     1   --> A_1  D_1  S_1  
     e(174 -174) =     49.84422  eV     1   --> B_2  D_4  S_4  
     e(175 -175) =     49.85888  eV     1   --> A_1  D_1  S_1  
     e(176 -176) =     49.93778  eV     1   --> A_1  D_1  S_1  
     e(177 -177) =     51.01716  eV     1   --> A_1  D_1  S_1  
     e(178 -178) =     51.06712  eV     1   --> B_1  D_3  S_3  
     e(179 -179) =     51.11559  eV     1   --> B_2  D_4  S_4  
     e(180 -180) =     51.28247  eV     1   --> B_2  D_4  S_4  
     e(181 -181) =     51.47135  eV     1   --> A_2  D_2  S_2  
     e(182 -182) =     51.63695  eV     1   --> A_1  D_1  S_1  
     e(183 -183) =     51.81472  eV     1   --> A_2  D_2  S_2  
     e(184 -184) =     51.82310  eV     1   --> B_1  D_3  S_3  
     e(185 -185) =     51.96948  eV     1   --> A_1  D_1  S_1  
     e(186 -186) =     52.39327  eV     1   --> B_2  D_4  S_4  
     e(187 -187) =     52.53852  eV     1   --> B_2  D_4  S_4  
     e(188 -188) =     53.00636  eV     1   --> A_1  D_1  S_1  
     e(189 -189) =     53.02772  eV     1   --> B_1  D_3  S_3  
     e(190 -190) =     53.11288  eV     1   --> B_2  D_4  S_4  
     e(191 -191) =     53.42283  eV     1   --> B_1  D_3  S_3  
     e(192 -192) =     53.65597  eV     1   --> A_1  D_1  S_1  
     e(193 -193) =     54.13520  eV     1   --> A_1  D_1  S_1  
     e(194 -194) =     54.45610  eV     1   --> B_2  D_4  S_4  
     e(195 -195) =     54.81242  eV     1   --> A_2  D_2  S_2  
     e(196 -196) =     54.86153  eV     1   --> A_1  D_1  S_1  
     e(197 -197) =     54.98446  eV     1   --> B_2  D_4  S_4  
     e(198 -198) =     55.08130  eV     1   --> B_1  D_3  S_3  
     e(199 -199) =     55.11854  eV     1   --> A_2  D_2  S_2  
     e(200 -200) =     55.12402  eV     1   --> A_1  D_1  S_1  

 **************************************************************************

     BANDS        :     16.57s CPU     18.48s WALL


   This run was terminated on:  10: 7:58  13Mar2026            

=------------------------------------------------------------------------------=
   JOB DONE.
=------------------------------------------------------------------------------=
